,title,pros,cons,rating
0,"Доброго времени суток. Получил ноутбук через 3 дня. Вопрос магазину ""РОЗЕТКА"", заказ доставлялся через ""JUSTIN"". Пришло все в заводской упаковке с пломбой, которую не разрешили открыть на пункте выдачи, мотивируя это тем, что они получат по одному месту. КАК МНЕ ПРОВЕРИТЬ ПОСЫЛКУ НА ПРЕДМЕТ ДЕФЕКТА И КОМПЛЕКТАЦИИ? Решите этот вопрос и дайте разрешение вскрывать несмотря на заводские пломбы. По поводу самого компьютера. Это мое первое впечатление и опыт только один день. Все упаковано хорошо. Выглядит он в живую лучше чем на сайте. Windows стал хорошо. Драйвера установил с сайта. Советую не форматировать раздел диска на котором уже были драйвера. Просто разбейте диск на котором нет разметки. Ничего страшного если удалите как я)) Все решаемо и тогда милости просим на сайт тех. поддержки. С тачпадом, конечно мучение. Если не станет с сайта ACER тогда перейдите по ссылке https://community.acer.com/en/discussion/584678/touchpad-drivers-acer-aspire-a515-54g там скачаете архив, разархивируйте и установите. Пластик ""добротный"", не метал конечно, прогибы есть если сильно давить специально, но при нормальной эксплуатации вы этого не увидите. Отпечатков не остаётся на корпусе. На крышке нет зацепа, то есть нужно поддевать крышку пальцем, что бы открыть её, не продумано. Экран сочный и четкий, рамки по боках минимальны и смотрятся очень хорошо. По железу нареканий нет, брал для работы, учёбы по программированию и возможно поиграю в пару игр. Все очень шустро, SSD c процессором очень решает. Те кто хотят его, как игровое решение, мое мнение поищите другой вариант с более мощной видеокартой. Портов хватает. Звук из динамиков нормальный и чистый (бывают конечно и громче). Ход клавиш мягкий и тихий но подсветка выключается через 15 - 20 сек., что не очень удобно. По времени работы ничего не скажу так как еще не пробовал. Хорошая рабочая станция для средних и выше - средних задач. Довольный как слон. Рекомендую. Цена - качество, больше нечего добавить.","Хорошая сборка, крышка из метала, шустрый SSD диск, тонкие рамки по боках дисплея, хорошая IPS матрица, мягкий ход клавиш","Быстро выключается подсветка клавиатуры, нет зацепа на крышке, а дальше покажет время.",5
1,SSD NVMe Kingston RBUSNS8 512GB,,,5
2,Какого цвета подсветка клавиатуры?,,,5
3,  ,,,5
4,"НО!!!! Не смог купить в кредит! Так как, выбор падает только на один обслуживающий банк, которой с учётом того что я выбрал этот ноутбук, с доставкой домой, предлагает мне в условиях карантина когда не ходит общественный транспорт брать такси е ехать в один из отделений банка заражая других людей опасным вирусом или быть подвергнутым таковому, только чтобы подписать бумаги или ждать когда закончиться карантин. Это всё что может предложить мне кредитная программа компании розетка!? Конечно я не доволен! В даной ситуации, никто даже шагу не смог сделать навстречу клиенту...",Крутой,нету,5
5,"Можливо комусь трішки полегшить установку системи мій відгук. Установка, з самого початку(якщо нічого ще не видаляли): Чорний екран це UEFI загружчик (потрібен для коректного встановлення Windows.): вставте флешку з Windows, на чорному екрані (в терміналі UEFI) напишіть exit, далі натисніть enter. Вас перекине на екран вибору звідки завантажувати Windows вибираєте свою флешку. При виборі кастомної установки вибираєте пустий розділ для установки, на першому розділі диску знаходиться сам UEFI загружчик, в розділі WINDRIVER знаходяться драйвера на ноутбук -- не видаляйте їх. Для мене вони виявилися найбільш коректними ніж при автоматичному встановленні за допомогою Windows update. При установці Windows не підключала інтернет, щоб не завантажувалися не коректні драйвера(можливо виробник пофіксить, але наразі так). На WINDRIVER знаходиться образ диску з драйверами тому клікаєте на нього Windows зайде >> в папці Autoran >> autoranX >> autoranX (application) перший драйвер встановлюйте чіпсет далі по черзі всі, коли просить перезавантажити - робіть.","Швидкий, екран гарної якості, батарея тримає довго(офісна робота), легкий","Треба розбиратися з установкою системи, тричі ставила Windows. Виробник радить установку драйверів автоматично з їхнього сайту та працює не коректно(у моєму випадку))",4
6,"Забрали ноут вчера. Поставили видндоус. Все вроде как работает но сегодня возникла уже первая проблема. И ещё одна проблема была видна вчера и не знаю как ее решить. Указано что процессор работает в частоте от 1.6 до 4.2 но система показывает что проц поддерживает частоту от 1.6 до 2.11. Вопрос к представителю Acer, с чем это связано и как это решить?",,,3
7,"Доброго дня. Питання до представника. Коли запускаю якусь гру - ноутбук веде себе неадекватно. Лаги і тремтіння звуку і картинки. Добре видно на WOT. Думав що проблема у відеокарті. Встановив найновіші драйвера і все запрацювало, але на наступний день те ж саме. Скажіть, це проблема з відеокартою, чи це можна якось вирішити?",Ціна - залізо,Танці з бубном.,3
8,"Приобрёл сей девайс, радость была до первого запуска. Создав загрузочную флешку (руфус 3.9) с вин10 столкнулся с первой проблемой, Boot security. Погуглив с пол часа и посмотрев видео в тубе, нашел решение, загрузился с флешки и... Не видит он SSD от слова ВООБЩЕ!!! Пишет что ""Нам не удалось найти драйверы. Чтобы получить драйвер запоминающего устройства, нажмите кнопку 'загрузить драйвер'."" В начале установки где идёт выбор языка комбинацией клавиш Shift+F10 и прописью в командной строке Diskpart и list disk не отображает накопитель! Только флешку. Ну дамаю, может это винда... А нет, 3 других сборки показали ту же проблему! Завтра везу в сервис...",тонет быстро!,,1
9,"Хто може підказати в чому може бути причина такого, як у відео?",Ціна - залізо,Глюки відеокарти,1
10,"Пользуемся этим ноутом 4 месяца, Всё просто класс. Производительность бомба, перегрев и шум решается легко. Обновил биос, отключил Boost, и сделал андэрволтинг видео карты. Тихий и быстрый. Покупкой доволен. Рекомендую.",,,5
11,"Брали для роботи з офісними документами, автокадом, фотошоп. Основний акцент під автокад. Що можу сказати - завантажує все швидко, вентилятора практично не чутно. Про звук в мінусах, кришку теж. Дисплей мені подобається. Я скіільки перепробував сучасних ноутів з Full HD та матовим покриттям - купа тусклих екранів, не дуже добре читабельних (особливо це стосується Леново). Клавіатура крута, тачпад теж, корпус схожий на метал (передня частина). Замацується швидко, але видаляються плями теж легко. ССД тут від Самсунг, тому літає. 10-ка ліцензійна стала хв за 7. В ігри не граю, сказати нічого. Але думаю, що ССД на 256 і + на 1Тб шдд і армія шанувальників була б в рази більша.",за таку ціну крутий.,"якщо порівнювати з моїм стареньким Асером, то вага відчутніша на спині. Звук, як на мене, занадто об""ємний. Трохи бовтається кришка з дисплеєм. Якось не так чітко і не рухомо вона сидить, як на Асерах.",5
12,"Отличный ноутбук, летает","Шустрый, яркий, подсветка, начинка, клавиатура",Не обнаружены,5
13,Ноут за эти деньги хорош! WOT на ультрах. Для работы очень быстрый. Програмы открываются секунда. Екран хорош. Шумит средние. Аж удивлен был. В играх. Работать то тихий. Клавиатура мягкая и четкая.,"Сборка, екран, мощность.",На 1000грн. мог быть дешевле.,5
14,ракета! працювати і грати ігри одне задоволення,"Швидкість, IPS матриця, металевий корпус",шумить не критично,5
15,"нормальный ноут, работает шустро и быстро, особо написать ничего не могу, так как в игры не играю, использую его для работы. Где-то читал что сильно шумит охлаждение, у моего вентиляторы вообще не слышно.",,,5
16,Очень достойный ноут!,,,5
17,Відмінний ноутбук!,,,5
18,"Кто то сталкивался с проблемой установки Винды? Не видит загрузочную флешку хоть что делай... Убрал Security boot, но не могу поставить маркер на флешку в legacy boot order. На ютуб куча видео, все перепробовал, но проблема не решена. Флешка рабочая, переписывал и в mbr и в uefi - не помогает. Судя по тому, что я первый с таким отзывом, делаю что то не так. Нид хелп... Спасибо!",Пока не тестил,Пока не тестил,5
19,Здравствуйте. Может кто-то знает где можно купить шлейф для hdd?,Все супер,Нету шлейфа для hdd,5
20,"Сегодня получила, красивый, приятный внешне и на ощупь. Не большой и компактный. Как работать будет, уже после установки всех систем узнаем)",Выглядит достойно,Пока не обнаружено,5
21,"Соглашусь, что для своей ценовой категории, может и не плох. Но хочу предостеречь людей у которых чувствительные глаза и тех, кто собирается работать за ним длительное время - этот тип матрицы дисплея тогда не для вас. Я была вынуждена вернуть товар из-за этого(( Очень переживала по поводу возврата, но здесь к Розетке нет вопросов, все прошло гладко, спасибо.","низкая цена, достаточно стильный дизайн",качество экрана,3
22,После покупки не видит сетевого адаптера (Wi FI) Винда 8.1 Как быть?,,Не видит сетевой адаптер,2
23,"Вторая особенность этого чудо девайса - в нем нет разъёма для сетевого кабеля! То есть скачать драйвера для вайфая нельзя, да и самих драйверов нет",Нет,Все сказанное,1
24,"Как он, кто купил?",,,5
25,"Брав суто для офісної роботи і для кіно. На свої гроші ноут супер, ще й відкриваєтся на 180 градусів. Має додатковий вихід повітря зверху (між екраном та клавіатурою). Якщо дивитись кіно на колінах або в ліжку він не не грієтся, думаю обійтись без підставки. Одразу як я поставив віндовс підтягнув сам усі драйвера. Виглядає значно дорожче своєї ціни і в роботі не тормозить. Я задоволений.","процесор 4 ядра, достатньо бюджетний",На ту ціну їх небуває,5
26,"Питання що до ноутбуку 1-яка встановлега клавіатура 2-які градуси обзору у цього екрану і яка матриця 3-чи можна на ньому пограти у ігри наприклад war thunder чи csgo 4-як сам ноутбук працюе тобто ,як він відкликаеться на команди ,чи швидко працюють та запускаються програми 5-чи поміститься він у валенький рюкзак 6-на як довго достатьно аккамулятора 7-чи не перегріваеться ноутбук",+,-,5
27,"Купил для Мамы что б можно было связаться с родственниками по скайпу, что-то найти в инете и работать с текстом, она довольна, ноутбук очень дешевый и очень хороший, дискретной карты нет- но она и не нужна, озу хватает проц лучший что может стоять за эти деньги. Установил windows 10 без проблем, драйвера подтянулись сами, потом поставил утилиту от lenovo (vantage) через которую драйвера будут автоматически обновляться на новую версию.",Цена и качество,"нет проводного инета (решается переходником, да и то сейчас пользуется проводным нетом)",5
28,"10/10 для работы, все прекрасно, пользуюсь для создания веб комиксов, все прекрасно работает","Экран, скорость, энергоемкость, производительность",Нету,5
29,"Здравствуйте, будет возможность выбрать конфигурацию ноутбука?",,,4
30,Погано що немає оплати частинами.,,,4
31,С каждым годом железо только хуже :),,,2
32,Капец) разочарование за 30 к(((((,Нет,Ему цена 15 тысяч от силы...,1
33,"Подскажите, как и в предыдущей модели Acer aspire 5, не работает тачпад с коробки. Драйвера установлены с сайта Асер. На ноуте просто не находит такого устройства. В биосе так же ничего нет. Вин 10. При этом если зайти с флешки на linux там тач работает. Как его включить/установить на 10тку ?",Лёгкий,Не работает тачпад,4
34,Какой там Linux? Как работает отпечаток пальца?,,,5
35,Стоит ли брать для несложного монтажа в 1080p - 2160p?,Не знаю.,Не знаю.,5
36,"Получил вчера, доставка быстрая. Винда встала тоже быстро, первое впечатление шустрый ноут, но как и у многих выше не работает тачпад, дрова с оф сайта не помогли. Не плохо бы официалам скинуть ссылку на актуальные драйвера.",шустрый,не работает тачпад,3
37,"К внешнему виду, компактности и быстродействия этого ноута вопросов нет. Да и винда встала без вопросов (официальная) - подтянула все устройства, кроме тачпада. Причем, в диспетчере устройств вообще не отображается, что есть сенсорная панель. У меня с коробки ССД был размечен на С и Д. Производитель залил на диск Д драйвера. Но даже их принудительная установка не помогла решить проблему с тачпадом. Второй путь, как и писал представитель компании Асер, скачать драйвера с оф. сайта. Но они там такие же, как и на диске Д. Хотя, на всякий случай и их установил. Не помогло. Вообщем, если кто-то победил этот неуловимый тачпад, поделитесь, пожалуйста, рецептом. Или ссылку дайте где почитать. Вопрос к представителю компании Асер: Вам написали уже, если не ошибаюсь 6 человек. Я седьмой. Вы реально думаете, что столько людей не в состоянии установить один-единственный драйвер? Может хватит писать о ЮСБ мыши и драйверах с оф. сайта? Если знаете как решить проблему - изложите здесь же! Если нет - отзывайте партию. Вообщем, этот ноут - это мое знакомство с этим чудесным брендом. Если в течение пары дней не будет доступной информации о пути решения проблемы - ноут поедет обратно. На этом знакомство превратится в прощание.","Компактный, красивый","Не работает тачпад. С коробки. И система даже не видит, что такое ""устройство"" есть.",2
38,"Были точно такие же проблемы что описаны ниже. Синий экран и не работаючий тачпад. В использовании ноутбук был хороший, легкий и быстрый. Но решила не рисковать и вернуть. Взяла другую модель уже дороже Acer Swift 3 SF314-58-52DU, и о неожиданно тачпад там так же не работает на 10 Вин.","легкий, быстрый","не работает тачпад, синий экран при включении",2
39,"Вообщем разочарование... С коробки не работает тачпад (только не говорите что я в биосе его не включил)! После установки Win10 драйвера пришлось устанавливать самостоятельно, винда их не подтянула. Также были проблемы с установкой драйверов для аудиокарты(в списке устройств аудио уже установлено но в других устройствах висит неизвестное Detection Verification), для Acera судя по всему эта проблема не единичная, решения вопроса нашел на форуме acer. Драйвера качал с официального сайта и на форуме. По итогу испорченное настроение, головняк с сервисом отвези забери, потрать так сказать с пользой свое время. Представителю ACER пожеланию хорошего дня от жутко злого клиента (SNID 952016187223)...",,Косяк с коробки,1
40,Скажіть будь-ласка чи підійде цей ноутбук для роботи в фотошопі та нескладних ігор (Дота 2 і танки). Дякую.,Ціна,,5
41,"Читал отзывы, что не работает тачпад, но всё равно взял этот ноут, поскольку исходно понимал, что проблема решаема, а характеристики полностью удовлетворяют мои требования. Что касается проблемы - привычное дело при помощи бубна производить настройку железа и софта, так делали еще всего-то каких-то 10 лет назад :)  Вкратце, во-первых, все необходимые драйвера находятся на SSD уже, на отдельном разделе (при установке Windows увидите, можете достать их оттуда, но лично я не стал заморачиваться). Во-вторых, драйвера для тачпада с официального сайта (ищите драйвера по SNID, который на задней панеле наклеен) могут и не запуститься, потому, решение простое: DriverPack Solution качаем и в режиме эксперта устанавливаем всё необходимое.  На выходе получаем классный ноут, с автономностью работы, в среднем, порядка 8 часов, легкий, стильный, с классными динамиками (чистым звуком) и быстрый.  ""Топ за свои деньги"" (с)","Быстрый, Легкий, отличный дисплей, отличный дизайн, автономность работы, динамики, балдёж",Танцы с бубном для установки драйверов,5
42,"Скажіть будь-ласка, чи підійде цей ноутбук для роботи в фотошопі і нескладних ігор (Дота 2 та танки). Дякую.",Ціна,,5
43,"Здравствуйте,не пойму в ноуте что пассивное охлаждение,судя с фото???",,,5
44,"Заказал 15 марта данный ноутбук, 17 марта уже получил и сразу же отдал знакомым ребятам в сервисно-ремонтный центр по электронной технике, чтобы установили windows 10 и всякий разный полезный софт, не захотелось самому этим заниматься. В течение двух дней 8 раз они переустанавливали винду, устанавливая необходимые драйвера с разных источников в том числе с официального сайта acer по серийному номеру ноутбука. Итог всегда один, практически при каждом включении и попытке загрузки винды выскакивает синий экран с проблемой при загрузке, при чем с указанием на разные ошибки (ФОТО прилагаю). Потом ноутбук перезагружается, и винда загружается и якобы все в порядке. Но во время работы в windows 10 периодически в какой-то момент ситуация может повториться с синим экраном и перезагрузкой. В сервисе сказали, что категорически его надо отправлять обратно, потому что проблема с железом. Я владею еще двумя ноутбуками ACER 15,6"" , которые покупались тоже в розетке, и винду и весь софт устанавливал в том же месте - прблем НЕТ и не было, почему и выбрал опять компактный, симпатичный acer для жены! Помогите решить данную проблему, что мне делать?","Красивый, быстрый, компактный","Не устанавливается корректно windows 10 с драйверами, периодически выскакивает синий экран о проблеме (возможно попалось такое бракованное железо)",2
45,"Пользуюсь ноутбуком неделю,отличный ноутбук для всего что только под руку попадёт. Кому интересен FPS в играх,то вот во что я играл: CS:GO 1920х1080 высокие настройки 130-230 fps Beam NG Drive 1920х1080 зависит от многих критериев но вполне удовлетворительно.(На большой карте,средние настройки 60-70 fps Grand Theft Auto IV 1920х1080 всё максимум примерно 40-60 FPS (У меня тонны модов,и это с учётом записи экрана) Экран на самом деле не так уж и плох как его описывают,мне как для обычного пользователя его хватает,устраивает. Windows не установлен,но я не думаю что это такая проблема в почти 2020 году. Вебка вполне годная как для встроеной.","Хорошее охлаждение,годные железяки,компактный,три usb порта.","HDD,но имеется возможность замены на SSD.Шум от HDD",5
46,Наверное лучший ноутбук в этом ценовом сегменте.,Производительность,Пока не нашёл,5
47,"За эту цену великолепный ноутбук. За 2 месяца использования, из недостатков могу выделить только не немного медленный жёсткий диск. А в остальном всё отлично. Мощные петли, что однозначно большой плюс. 10 виндовс сам подтягивает все драйвера, но для видеокарты лучше скачать Nvidia GeForce Experience. Сначала были какие-то траблы с вылетами фифы, но потом наладилось. По поводу производительности в играх: Fifa 19 : 60fps стабильно на ультрах(сам ограничение поставил на 60) CS:GO : 150 fps, ultra The Witcher 3 : на средних при 1080p около 60 fps.  Рекомендую к покупке #мояраспаковка",Сам ноутбук в целом,Маркий корпус,5
48,"Есть ли видео обзор на данный ноутбук? Очень хочу взять , но ещё хочу убедиться в своем выборе",,,5
49,"Товар почти неделю комплектовался в Розетке,хотя ТТН сбросили в день оформления заказа. Ноут шустрый, нареканий нет. Правда немного шумит. Сын доволен, мама не очень (так как сына нельзя от него оторвать). Есть в наличии гарантийный талон, акт предоставления услуг и расходная накладная. В комплекте была инструкция по настройке ноутбука на разных языках, включая русский и украинский. В общем покупкой осталась довольна.",Вполне доступная цена при таких характеристиках ноута.,Немного шумит.,5
50,"Представители HP, подскажите, пожалуйста, какую SSD на 500gb, поставить, и оперативную память 8 GB в этот ноут, и куда обратиться для установки, спасибо",Купил,Не знаю ещё,5
51,"Користуюся з січня 2020 р. Грав в ""American Truck simulator"" (2016) і ""Tropico 6"" на найвищих налаштуваннях відео. Ніяких проблем не виникало. Але й ці дві відеоігри є такі собі по графіці. Брав на майбутнє з добротною відеокартою.",Найкраща ціна/якість. Хороша відеокарта.,не виявив,5
52,Отличный ноутбук за свои деньги,Производительный,Экран,5
53,"Ноутбук отримав, в коробці все стандартно як з заводу. Чи повинен там ще бути якиїст гарантійний талон, печатка розетки...? Який документ в комплекті є гарантією? Ніякого документа схожого на гарантію в мене не було.",,,5
54,"Норутбук супер, рекомендую к покупке, соотношение цена-качество лучшее на рынке!",Мощный и красивый!,Нет,5
55,"Хороший ноут, чи можна в нього доставити ssd",,,5
56,Сервис Розетки как всегда на высоте.Спасибо.,лучший ноутбук в этом ценовом сегменте,нет,5
57,"Прекрасный вариант за такую стоимость,удобный, компактный. Жена была довольна,рекомендую.",цена качество,не обнаружил,5
58,"Мне понравился цена производительность, норм",Размер вес автономность,Разрешение монитора,5
59,Хорошая цена,Цена,Нету,4
60,Хорошая цена.,Цена,Нету,4
61,Неплохой ноутбук за такие деньги,За такие деньги почти что лучший вариант,Экран маловат,4
62,"4К HDR також відтворюєть без затримок батарея тримає більше 6 годин при перегляді потокового відео пасивне охолодження можливість підзарядки через PowerBank хороша гучність звуку підсвітка клавіатури у версії LBK оновна пам'ять на NVMe (можна додати з часом) Для дому, роботи, як для мене ідеальний варіант, але треба краще поміняти оперативку на 8 гб і доставити ще 1 ssd для файлів, щоб ноут і надалі залишався оегким та безшумним.","безшумний, батарея, 4к відео, підсвітка клавіатури, легкий, звук","не кофртно працювати з темним фоном, одноканал",5
63,"Дорогая Розетка, будьте добры исправьте описание характеристик ноутбука. Во- первых, клавиатура с подсветкой, у Вас указано без. Во-вторых (это самое важное) на клавиатуре присутствуют русские буквы, у Вас на фото и в описании указано что их нет. В итоге я заказал наклейки, которые мне не пригодились. В целом заказом доволен. Хотя предустановленный линокс это то еще удовольствие.",,,5
64,"Как для сёрфинга в интернете, офисных программ, ноута более чем достаточно. Проблемы с описанием товара: русские буквы на клавиатуре есть, подсветка клавиатуры есть, разрешение Full HD 1920*1080. AIDA 64 почему то показывает оперативку DDR4-2666, вместо DDR4-2400. При установке виндовс и программ температура процессора не превышала 48градусов, при комнатной в 24градуса.",Цена - комплектация,Маркий корпус.,5
65,Ноутбук в пользовании уже 2 недели. Все устраивает. Пожалуй лучший вариант по начинке на платформе Intel за свои деньги. Приятной неожиданностью оказалась подсветка клавиатуры. Windows 7 встал без проблем. #мояраспаковка,"Цена, комплектация. Подсветка клавиатуры.","При заказе ""мечтал"" о заглушке для CD-ROM, по итогу оказался глухой корпус.  Но это не недостаток, а просто информация для других",5
66,Мне пришел с подсветкой ещё на почте включил и загорелась клада я так и хотел спасибо розетке,,,5
67,"Покупался 13.02.2020.  Ноутбук для несложных задач - классный.   Вот только жаль что нет заявленой подсветки клавиатуры.  При попытке проверить по service tag нет успеха (см фото), хотя сразу после покупки информация по данному сервисному тегу выводилась. Это его уже сняли с гарантии?","Тихий, FullHD",Нет подсветки клавиатуры,5
68,"Ноут для того что б почитать что-то в интернете и посмотреть видео, также несложные офисные задачи.  Не знаю как так вышло, но подсветки клавиатуры в моем ноуте нет :( Нет даже значка подсветки на клавише F10 :(","Тихий, FullHD",Нет подсветки клавиатуры,5
69,Мне пришел с подсветкой ещё на почте включил и загорелась клада я так и хотел спасибо розетке,,,5
70,Я недавно писал что не находит ноут на сайте по сервис тегу... Это проблема на рускоязычной версии сайта. На оригинальном сайте все работает. Сорри что дважды не перепроверил.,"Тихий, FullHD",Нет подсветки клавиатуры,5
71,"Подскажите этот винчестер ""Samsung 860 Evo-Series 500GB 2.5"" SATA III V-NAND TLC (MZ-76E500B/KR)"" залезет в этот DELL","Бесшумный, компактный, возможность установки ещё одного винчестера",Четыре ядра процессора в обычном режиме работы всего по 1.1Ггц,5
72,Вопрос для тех кто пользуэтса потянит ли игры Майнкрафт-кс го?),,,5
73,Всетаки небольшой недостаток есть - отсутствие заявленой подсветки клавиатуры.,Тихий,нет подсветки клавиатуры,4
74,"Бывают разные варианты, как с подсветкой, так и без. Фото спецификации загрузил. Пример 1DT4DX2 сц таг.",Лучшее сочетание цены/произволительности,Не нашел,4
75,Сьогодні придбав на подарунок. Встановив ОС. Завантажив драйвер мережевої карти з оф.сайту і вперед),"Легкий, швидкий",Трохи шумний вентилятор,5
76,"Ноут супер! Новый эталон бизнес ноутбука за приятную цену. Отличный внешний вид, функциональность производительность, вес и автономность. Windows 10 (1903) стал без проблем. Office, Visual Studio, серфинг в интернете всё летает. По субботам практически целый день с ноутом на батареи - посадить пока ещё не удалось. Игры на нём не пробовал и не собираюсь, для игр нужен «немного» другой MSI ;)","Внешний вид, функциональность, производительность, вес и автономность",Отсутсвие RJ-45 (но это для кого как),5
77,"Брав для роботи, все подобається. Хороший вибір для роботи/навчання інтернет серфігну... Нвпевно не дуже підійде для ігор, роботи з фото/відео, оскільки нема дискретної відеокарти.","Легкий, тонкий, тихий, стильний, 10gen, довго працює на батареї, ціна/якість","Тонкі панелі корпусу прогинаються, нема сканера відбитку, незручне розташування камери",5
78,"Если ноутбук покупается для работы - это пожалуй лучший вариант за эти деньги. Батарея держит 7-8 часов при интенсивной работе, или 10 часов при средней яркости, это хорошо! Вес в 1.2 кг не ощущается если например Вы его будете брать с собой в город поработать например в кафе, в общем удобно очень. После ноута с 17й диагональю перешел на 14ю - привыкал 1 день, как по мне идеальный вариант сегодняшних ноутов. Хотя по характеристикам ноут не слабый - все же для игр я бы его не рассматривал.","Очень шустрый, легкий, с минимальными рамками, один из последних процессоров Intel, металлический корпус, яркий экран",Греется если работать с ресурсоемкими программами типа Adobe Premiere CC или что то похожее и звук не самый громкий,5
79,"Все ок. Стильний, тонкий, метелевий корпус. Читав у відгуках, що в де-кого кулер працює на 100% без нагрузки, - у мене такого не має.",Суперовий ноут у своїй категорії.,Не знайшов.,5
80,Хочу спросить у представителя ссд м2 или сата3. Жаль ссд от кингстона. Буду менять на самсунговский.,"Дисплей,легкий, металический корпус, подсветка, при полной яркости держится 3-4 часа.",Была небольшая проблема с установкой винды. Ноут долго не видел загрузчик пока бисо не дефолтнул и не внес изменения в него.,5
81,,,,5
82,"В основном прикольный ноут. Своих денег стоит Были проблемы с установкой ос Windows 10. Помогла конвертация диска из GPT в MBR. При этом не нужно обновлять биос или менять жесткий диск. Я только что купил, пока осваиваюсь. Кому нужен именно портативный ноут - могу смело рекомендовать. p.s.Он явно не игровой, не стоит акцентировать на игры внимание хотя большинство инди и стратегий думаю потянет","Портативность, экран, долго держит батарею, вентиляция, порты, подсветка клавиатуры","Жесткость корпуса, видеокарта",4
83,для работы - то что надо,Классный ноут для такой цены,,4
84,"Ноутбук очень хороший. Качество сборки просто на высоте! Работает тихо, не шумит. Очень порадовала батарея и качество IPS матрицы. Но вот динамик, реально, средней громкости. Если брать для работы - 10/10. А если для просмотра видосиков - то 8/10.",В остальном - блеск.,Средний по громкости динамик.,4
85,"Печатная машинка за такую цену, с никакущим железом и дисплеем","Алюминиевый корпус, операционная система","Много, очень много",5
86,"Ноут брал для программирования, в основном веб, мобильная разработка. Visual Studio(Xamarin) и виртуальные машины ios и android одновременно приводят к небольшому нагреванию ноута, абсолютно никакого дискомфорта. Так же брал себе второй монитор, через несколько часов работы словил себя на мысле что не смотрю в него и отключил) волшебный трекпад и молниеностное быстродействие ОС позволяют не юзать монитор. О легкости и батарее даже не стоит говорить, это чудесно когда ты не переживаешь за зарядку. Виндовые ноуты за эти деньги это огромные тяжелые горячие машины, созданные для игр и не работающие без розетки. Вообщем советую, не разочаруютесь. Советую все же 256, у меня 128) это напрягает) морально давит)",Он идеальный,Не обнаружил,5
87,"Можель не свежая, но полностью оправдывает свою цену, работает без тормозов и глюков. Замечатльный стартовый ноутбук. Самая низкая цена из Mac.","Качественная сборка, высокая автономность, компактный дизайн",Малая доступность - из за цены на технику APPLE.,5
88,"Отличная машина для работы, все открывается за секунды, включается за секунд 15. Трекпад это что то, сам, когда заказывал удивлялся, почему все говорят, что он удобный, но, когда начал его использовать, то понял, что мышка мне уже не нужна! В общем, я не пожалел, что прикупил себе его)",1. Надолго хватит зарядки. 2. Дизайн. 3. Очень удобный в использовании. 4. Mac OS,Не наблюдаю),5
89,"Скажите пожалуйста, если ноутбук переносить зимой по морозу, есть вред для батарии??",,,5
90,"Це майже найдешевший комп'ютер від Apple, але і він справляється з потрібними для мене завданнями краще ніж віндовс комп з, разів в два, кращими характеристиками. Напріклад тут лише інтегрована відеокарта, а у мене стояло 2: інтегрована інтел + дискретна енвідеа на 2 Гб. Тількі тут при роботі в фотошоп (не супер крутіий і професійній, але і на попередньому комп'ютері я таку ж робив) навіть не завжди кулер вмикається... При тому,що моєму віндовс-комп'ютерові було рік і кілька місяців,ліше гарантійній термін закінчівся. Може тут екран має не таку роздільнуздатність як хотілося б, але ноут коштує своїх грошей.","Тихий, компактний",поки не виявив,5
91,"Довго вагався між Asus і Apple, обирав в даній ціновій категорії, вибором не розчарований. Швидкість роботи в звичайних речах не сильно відрізняється, але в роботі з Фотошопом, WebStorm вражає, дуже зручно і швидко. Трохи не звична клавіатура, але це деталі. Батарея супер, на робочий день вистачає цілком. Якість екрану, хоч це і не Retina, але все одно картинка достойна. Приходить розуміння за що ти платиш гроші, воно того варте.","Батарея, швидкість роботи, тачпад",Швидко корпус забруднюється,5
92,"просто macbook air 13. то, чего от него ожидаешь - то он и делает",,,5
93,Купила. Лёгкий для офисного планктона лучше не найти.,Все функции для работы есть,Нет,5
94,Товар поки не розчарував),"Батарея, швидкість","Фіндер - просто жах якийсь у порівнянні з Тотал Командером чи навіть віндовсівським Провідником, но це вже проблема ОС",5
95,"Вот скажите, почему на сайте официального дистрибьютора указан размер памяти в 512 GB?",Это Apple,Нет,5
96,"не занадто сильний, але загалом приємний",,,4
97,"Прекрасный ноутбук все устраивает кроме дисплея, сильно болят глаза после использования, у меня было много ноутбуков и никогда глаза так не уставали, правда все были с матовыми экранами, посоветуйте что можно следать, ноут очень нравиться. Дисплей можно заменить на матовый?","качество сборки, тихий, легкий",плохой экран,3
98,норм за свои деньги. представителю компании стоит получше знать свой ассортимент.,,1 слот памяти,5
99,"Ноутбук понравился. Порадовало наличие в комплекте лотка и шлейфа для подключения 2,5 HDD/SSD диска. Первые впечатления положительные.","Компактный, шустрый, симпатичный",,5
100,Все працює без нарікань. За пару тижнів експлуатації питань не виникло.,"Тонкий, легкий, верхня кришка алюміній. Досить потужний і шивдкий завдяки SSD.",Ціна),5
101,"Купил пару дней назад жене. Отличный ноут в работе просто летает особенно после ее старого HP которому уже 8 лет было) Так что пока полет нормальный вопросов к ноуту никаких, покупкой довольны.","Скорость работы, экран IPS",не заметил,5
102,Просто отличный!!!!,,,5
103,"Пользуюсь 2 месяца.  Приобретал для работы. Фото редакторы работают отлично - шустро. Интернет серфинг - без проблем.  При дневном солнечном освещению яркость экрана недостаточна.(но привыкнуть можно).  Огорчило, что в данной модели только один слот под оперативку. Хотя читал комментарий представителя Acer (до покупки). Что в данной модели ДВА слота под оперативную память. - Это неправда!  Хочется спросить представителей, подойдет ли (1 плата) память на 16ггб?","IPS, SSD. Шустрый. В целом - Хороший","Яркость дисплея, только один слот под оперативку",4
104,В чем отличие от https://rozetka.com.ua/acer_nx_hdgeu_036/p134673447/characteristics/  ???,,,4
105,"не подскажите, заряжается ли ноут через Type C ? имеются ли варианты подзарядки от повербанка?","Легкий, Эстетичность, Экран открывается на 180 градусов (удобно работать стоя)",пока не обннаружено,4
106,"пользуюсь уже месяц. ноут хороший, быстрый. но, возможно я придираюся, он шумит, интересно или у кого есть еще такая проблема?)",- естетика - быстрый,- недостаточное освещения при солнечном дне - шумный,4
107,"Вопрос к представителям компании Acer , мой ноутбук лагает в играх при пдключении к зарядке, на форумах пишут здааль ноутбук в сервисний центр , можно ли как нибуть решить эту проблему не в сервисном центре ? С зарядкой нагрузка цп 20-40%, а без 90-110%","Екран , вес , скорость","Мало батареи , лагает в играх при подключении к зарядке!!!!!!",3
108,"Купил этот ноут для комфортной работы, параллельно иногда поиграть в игры уровня ведьмак/метро. Процессор- молния, запущенные мной игрушки - на ультрах +60фпс, в работе показывает себя отлично, в общем абсолютно довольный покупкой данного аппарата. Рекомендую.","Относительно хорошая начинка внутри, 120гц экран, ssd вполне адекватной вместимости","В период максимальной нагрузки трансформируется в турбину самолёта по уровню шума, что характерно для большинства игровых ноутов",5
109,Доброго дня. До даної моделі входить в комплектацію рюкзак?,,,5
110,"Компьютер получил 14.03.20(сегодня), все драйвера установил с сайта производителя. Windows 1909, GeForce driver: 442.59, BIOS: v. 305(изначально стоял 303)  Столкнулся с проблемой недостаточной загрузки видеокарты. Из графиков загрузки стандартного диспетчера задач, видно загрузку на уровне 20-35%. Судя по тестам видеокарты разных изданий и частоты обновления экрана 120, такие старые игры явно не должны выдавать настолько мало кадров. Все тесты проводились с включенной и выключенной вертикальной синхронизацией. Питание подключено. В настройках видеокарты выставлена максимальная производительность вручную, в панели управления. Проверка выполнялась на последних драйверах Nvidea, и на тех что у производителя на сайте. Так же, загружены абсолютно все остальные драйвера, с сайта производителя.  Dota 2 фпс может просидать до 45-50, на максимальных, что для данного уровня видеокарты очень странно. В целом держится на уровне 65-90 League of Legends Картина по загрузке та же. Фпс в начале игры 120, потом опускается до 80 и держится в районе 70-80. Battlerite В целом 70 кадров, так же максималки. Загрузка также на уровне 25%  Хочу получить ответ представителя компании, по поводу недостаточной производительности данного устройства. Устройство только приехало, все совершенно новое.","Хороший экран, имитация метала пластиковым корпусом","Не полная загрузка видеокарты, отсутствие софта настройки цвета клавиатуры",3
111,"Подскажите, какое заявленное время автономной работы? Сейчас имею 2 часа в режиме стандартного веб браузинга с максимальной яркостью экрана, но как по мне это маловато. У трехлетнего thinkpada, который ни на день не выключался, такие же показатели...",,,3
112,ноут огонь,,,5
113,Найкращий ноутбук для геймера!,Все грузе,Немає,5
114,"Вопрос к представителю, можно ли поставить 2-е ssd, форматом м2 или 2,5 как дополнительный и без потери гаранти самому? И какой там стоит ssd? M2 или 2,5 изначально.",,,5
115,Хорошо собраный офисный ноутбук. Пластик не воняет.,Производитель,Нету,5
116,"Купил ноутбук, снял SSD M.2 Dell 22x30 128GB и поставил на 512GB Dell Dell позаботился о простых смертных и винты для HDD не пожалел....",,,4
117,"Пользуюсь неделю данным девайсом. Все устраивает, быстро действие на хорошем уровне, ssd решает, винда подтянула нужные дрова и с софтом проблем никаких. Экран четкий, естественные цвета и картинка на радость глазам. Корпус простенький пластик, но подгонка панелей на хорошем уровне работать приятно. Подсветка чисто для визуализации как по мне. Кому интересно, запускал GTA5 и первую батлу, полет отличный в HD+ и просто нормальный в Fhd (благодаря не урезанной MX250) при седне-высоких праметрах...НО недолго, ноутбуку реально не хватает охлаждения, 5мин замеса и температура 85-90град, от чего фризит картинка и проц понижает частоты. Возможно хорошая подставка поможет, но это не точно, апарат просто для других целей. Рекомендую к покупке, альтернатив рабочей машины просто нет за эти деньги, плюсом является возможность расширить память за счёт 2.5 sata подкинув другой ссд.",Все вышесказанное,"Слабое охлаждение, просто не для игрушек, хотя потенциал есть",5
118,"Вопрос к производителю, в характеристиках указано: Количество отсеков 2.5"" SATA для HDD/SSD 1. Я так понимаю дооснастить вторым ССД или HDD для файловой системы нельзя?",,,5
119,"Ноут шикарен, легкий, относительно не большой. Батарея держит до 7 часов в активном использовании, но заряжается за час с небольшим. Если не запускать игры, то не греется! P.S. в живую выглядит круче!","Экран, производительность, вес, размер","Вебка(она просто есть), корпус пластик.",5
120,"Пользуюсь ноутбуком уже полгода. Могу сказать, что это отличнейший ноутбук за свою цену, мне он нравится намного больше моего старого игрового ноутбука. Во-первых, он очень красивый. Дизайн продуманный, рамки тонкие, красивая подсветка, выглядит он действительно хорошо. Во-вторых, он очень легкий. В-третьих, SSD и сбалансированные процессор/видеокарта/озу обеспечивают очень хорошую производительность (опять же, за свои деньги). В повседневной работе (браузер, приложения) он летает, не видно просадок в IDE (работаю программистом). В играх показывает себя тоже хорошо, например, в Star Wars Battlefront II он выдает стабильный FPS (конечно, играть нужно на полной зарядке, с подключенным блоком питания и, желательно, с подставкой). Менее требовательные игры, вроде Dota 2 или CS на нем идут вообще без проблем. Этот нотбук по качеству и удобству превосходит многие нотбуки за 5, а то и за 10 тысяч дороже.","Легкий, быстрый, красивый","Камера - 5 мп, если не ошибаюсь, довольно плохая.",5
121,"Отличный ноут за свои деньги,хорошая начинка и неплохой экран,хороший ход клавиш,3-уровневая подсветка,приятный тачпад и быстрый сканер,все в купе делают из ноута ракету.",,Пластик в материале,5
122,"Ось деякі фото цього девайсу. Хто захоче самостійно модернізуватись, майте на увазі, що шлейфи підключення sataIII у ньому відсутні. Також питання по частоті оперативної пам'яті: у характеристиках вказується DDR4-2400 МГц, а на ділі - DDR4-2666 МГц (див.фото...хоча, можливо я помиляюсь). Підсвітка клавіатури, як на мене слабовата (на фото чомусь виглядає в рази 3 сильнішою), проте у суцільній темноті працювати комфортно.",,,5
123,"Пользуюсь 2 недели - полет нормальный. Единственный вопрос к ASUS: где же взять ту самую улититу ASUS Battery Health Charging, о которой писалось выше? в ноуте оно мне ее не находит, а на сайте при указании модели я тоже не вижу, чтобы было что-то такое написано (там много разного, но такого названия нет)","Легкий, красивый, приятный на ощупь",не обнаружила,5
124,"Увага тим, хто хоче зробити апгрейд цього девайсу! Правильно розумійте слова шановного представника ASUS! Не передати словами, яке було моє здивування, коли я зняв задню панель! Говорячи про вільне місце для SSD 2,5' він мав на увазі не вільне місце, а просто ПУСТЕ! Контейнер для повітря. Шлейф з материнської плати та салазки для SSD просто відсутні. Виходячі з коефіцієнту ціна-якість тут нічого дивного нема, ноутбук тут неперевершений. Єдине тепер питання до представника - дайте партномер шлейфу і салазок, це вам не заборонено. І відкоригуйте свою відповідь, щоб не вводити людей в оману.",,"Немає, окрім зазначеного нижче.",5
125,"Вопрос представителю Asus: сколько будет стоить установка HDD или SSD 2,5-дюймового формата в авторизированном сервисном центре ASUS, так чтобы сохранить гарантию? И второй вопрос, есть ли такая вожможность, провести модернизацию ноута с созранением оф.гарантии перед отправкой на службу доставки если SSD 2,5"" ( к примеру, этим: Kingston SSDNow A400 480GB 2.5"" SATAIII TLC (SA400S37/480G) Детальніше: https://hard.rozetka.com.ua/ua/kingston_sa400s37_480g/p14606558/) покупается тоже сразу в Розетке?",,,5
126,"Пользуюсь уже 4 месяца. Оперативно доставили. Коробка была с пломбой. Очень классный ноутбук. Производительности хватает с головой (Visual studio, Android studio...). SSD решает))) Прошлому ноуту (тоже Asus) уже 13 лет и до сих пор работает. Asus есть Asus))) К покупке рекомендую.","Производительность, удобная клавиатура, матовый экран, звук...","Для игроманов будет маловато производительности видеокарты, но за такую цену это вообще не минус, так как по общим спекам - топ",5
127,"Легкий ергономічний ноутбук з нормальною клавіатурою та ще й з дискретною відеокартою. Переконайтесь в хорошому доступі повітря, якщо будете грати в ігри - можливий перегрів","Хороший процесор, швидкий ссд, підсвітка клавіатури, якісний дисплей. Оптимальний за співвідношенням ціна/параметри",На даний час не знайшов,5
128,"виндовс 10 с установочной флешки установилась за 10 мин включительно с несколькими перезагрузками, никаких танцев с бубном в биосе, поставил флешку, включил ноут, установка пошла автоматически",отличный,пока нет,5
129,"Вопрос к производителю: После зарядки батарея держит 2 часа. В игры не играю. Работаю дома редко, включен браузер, вайбер и ексель. Что не так могли установить?","Быстрый, шустрый",Быстро разряжается,5
130,"Для тех кого интересует: Установлен SSD KINGSTON 256GB Формата М2. Скорость чтения 1610 на запись 901 Установлена 1 планка ОЗУ KINGSTON на 8GB с частотой 2666, и есть свободный слот. Место по HDD или SSD формата 2.5"" Пустое. Есть кронштейн для установки и болтики в комплекте. Спасибо MSI! На переднюю крышку наклеена защитная пленка. Изумительный звук! На центральном болту задней крышки стоит наклейка-пломба.( За самостоятельный апгрейд нужно уточнять в поддержке MSI)",Легкий и производительный. Цена/качество!,"Отсутствие данной модели в поддержке MSI UA, (но драйвера можно скачать в глобальной поддержке)",5
131,Я не намекаю но мне кажется в комментах застряли люди с 2000-х. Вы серьёзно спрашиваете есть ли там диск с драйверами???? Дисководов уже давно в нормальных ноутбуках нету и все дайвера можно скачать с интернета на официальном сайте производителя.,,,5
132,"Покупал не для игр, но всё же интересно стало. Вообщем установил NFS Heat выставил на минималку и вуаля через минуту думал ноут сгорит к чертям, кулер шумит как бешеный, хоть игра и работала без проблем. Попробую ещё с подставкой и отпишусь.","Дизайн, почти без шумная клавиатура, качество экрана, для работы в Android Studio доволен!",Перегрев уж слишком высок!!!,5
133,"Ноубук очень легкий, по сравнению с моим Lenovo V580. Также экран, по сравнению с моим старым ноутбуком это совершенно другой уровень. По приезду я зарегистровал товар на официальном сайте MSI и мне предложили пройти опрос, по прохождению которого дается + 3 месяца гарантийного срока.  По поводу шума. В обычном своем состоянии он может его вообще не издавать. Во время работы в Фотошопе или Figma ноутбук почти не греется и не шумит. Когда дело доходит до игр, то ноутбук уже начинать разгонять свой кулер ( он тут один) и иногда это очень хорошо слышно. Температура в игре в Divinity 2, на высоких настройках где-то в районе 80-85, вентилятор разгоняется до 3000-3500 оборотов за минуту.  На SSD нет никакой операционной системы( это и к лучшему ), но зато производитель побеспокоился и загрузил все драйвера, что могут понадобиться и свой фирменный софт. В одной из программ дается гибкая настройка режима видеокарты, охлаждения и тд.  В целом, ноутбук отличный за свои деньги. Во всех играх, что я играл на нем, (Dota 2, TF2, Divinity 2) все идет отлично на высоких-максимальных настройках со стабильным 60 FPS. Как по мне, больше FPS смысла производить нет, поэтому я ограничивал этот параметр в играх, чтоб ноутбук не так сильно грелся и шумел.","Вес, железо внутри, возможность связаться в поддержкой MSI в доступной форме","Шум, тачпад немного неровно лежит, некоторые кнопки немного тускнее подсвечены, чем остальные",5
134,"Купил на 14 февраля. Винд 10 поставили дрова сами подтянулись. Была проблема с драйвером нвидеа не ставился не с сайта, не через експириенс, помогла только установка с сайта мси. Для повседневных задач вполне нормальный ( просмотр фильмов, Ютуб и т.д.). Играл только в ведьмака на высоких, очень громко шумит вентилятор. Корпус екрана сделан качественно, но как для меня гибковат, при открытии боюсь сломать, но это с непривычки","Полет нормальный. Если не для игр, смело берите",Шум при большой загрузке ( но это у всех так),5
135,"Собственно, не буду умничать по поводу плюсов и минусов, в Ютубе полно обзоров на этот ноут. Скажу только, что сегодня добавил в ноут ХДД диск, для чего заблаговременно связался с техподдержкой MSI и оговорил с ними апдейт, гарантия в таком случае не слетает. Очень порадовала техподдержка, отвечают в течении нескольких часов. Расстроило только то, что при разборке ноута увидел на материнской плате какие-то пятна. Присмотрелся, и оказалось, что это потекли термопрокладки, которые находятся между м2 и платой.. В принципе, каких-то больших проблем от этого возникнуть не должно(это частая проблема на видеокартах в ПК), но все равно немного неприятно (насколько я знаю, силикон с термопрокладок впитывается в текстолит и пятна потом уже не убрать).",,,5
136,"Добрый день! Подскажите - оперативку одной планкой 32 поддерживает, или максимум 16 одной планкой?!",,,5
137,Все очень достойно исполнено,,Шумит как трактор,5
138,"Ноутбук бомба, но не работает камера и в диспетчере устройств не отображается.",Довольно хороший апарат за свои деньги.,Не работает камера и windows не находит её,5
139,"Пушка,гонка)))",Процессор и видеокарта.,Нет),5
140,"Кто подскажет при подключении по wifi 5g жуткий пинг к при меру wot. Приходиться пере подключаться на 2.4. А так ноут огонь, кому нужен тонкий и легкий само то. Если включить Coller Boost то и не так уже греется)))","Лёгкий, тонкий",Греется,5
141,"Меня всё устраивает. Хотя я не геймер. Сын берет поиграть. Говорит ""последнего хитмена в максимальной графике тянет нормально"" как то так","Быстрый, легкий",Нет,5
142,"Отличный ноутбук. Сбалансированная цена и качество, выигрывает у конкурентов по параметрам. Идеальный баланс для повседневных задач и чуть-чуть поиграть. Были проблемы с установкой винды, но это по неопытности.","Маленький вес. Легче любого конкурента с такими же параметрами. Нагрев происходит над клавиатурой, что абсолютно не мешает играть.",Один куллер. Который в играх очень шумно работает. Играть комфортно только в наушниках. Кирпичеобразный увесистый блок питания. Маркий корпус. Ощутимо греется под нагрузкой.,4
143,Есть разъём М.2 и дополнительный слот для памяти,"Процессор, видеокарта, экран-бомба","нет, громкий если нагрузить",5
144,"Хороший ноут за свои деньги, аналог вряд ли можно найти","Экран, батарея, дизайн, тачпад и возможность расширить память","Немного шумит кулер и нету подсветки клавиатуры, остальное потом дополню если обнаружу )",5
145,Отличный комп за такую цену. Докупил ssd gigabyte m.2 nvm e на 128 гиг под систему. Всё работает отлично!,"Не плохой экран, хороший процессор, видеокарта.",Яркости экрана чуть не хватает .,5
146,"Хороший ноутбук за свои деньги. 9е поколение I5 процессора, возможность установки М.2 SSD и еще одной планки памяти. Мощный. #мояраспаковка","Современный мощный процессор, хороший дисплей, возможность установки M.2 SSD","Качество корпуса (везде люфты и скрипы), оооочень маркий пластик вокруг клавиатуры и тачпада",5
147,"Купил Пк на чёрную пятницу скидка я так понял была только 1000 грн , под Новый Год 500 грн скинули , пока не понятно по цене сколько он действительно стоит","Видео карта,корпус,Звук громкий 9го поколения проц, пк 2019 года","легий скрип верх правого угла экрана,но это мелкий бок",5
148,"Купили на чёрную пятницу.Очень тихо работает даже при полной загрузке!!!Аккамулятора серфить в инете через wi-fi хватает на 5-6часов,игры 2 часа.Манитор темноват для графических работ не подайдет.Подсветки клавиатуры нет!!!!","Аккумулятор, тихо работает",Нет подсветки клавиатуры.Манитор темноват.,5
149,"Ноутбук брался на подарок для начинающего дизайнера. Сразу скажу что матрица так себе, имеет смысл добавить 3-4тыс и взять что то получше. Кулера очень шумные, иногда даже без особой нагрузки сильно шумят. Жёсткий диск медленный, лучше сразу брать ssd. Чистая винда долго загружается, при этом ноутбук подвисает и начинает ""думать"" на секунд 30 где то, а в диспетчере задач пишет что диск загружен на 100%, учитывая что кроме винды (лицензионная, чистая) ничего нет и в автозагрузке все выключено - очень напрягает такое подвисание... Процессор тоже бывает на секунд 5-10 на 100% нагружается сразу после загрузки, моет это нормально, не замечал на других ноутбуках такого... Может это просто козни виндовс.. В целом за такие деньги вполне неплохой ноутбук, но все же за такие деньги я ожидал меньше подвисаний.","Цена, видеокарта, дизайн","Частенько тупит при загрузки виндовс, медленный жёсткий диск, слабая матрица",4
150,"Брался для себя в качестве первого ноутбука. Больше для работы, для несложных задач. (Фотки с минимальной и максимальной яркости при прочих равных условиях) (фоткал на мышку) Кто-то пишет что ноубуку не хватает яркости - чушь! Я не представляю для каких задач нужна ""сверхяркость"", но у меня на максимальной яркости глаза вытекают, использую меньше половины яркости. Кто-то пишет что громкие вентиляторы - чушь! Тише только отсутствие таковых вообще. Под нагрузкой слышно только как поток воздуха шуршит разрезаясь об рёбра радиатора. Кто-то пишет что хороший громкий звук - чушь! Звук в динамиках безусловно громкий, но хороший ли? Появляется мерзкое дребезжание уже на половине громкости. От себя добавлю, как для убеждённого десктопщика - мне было очень непривычно привыкать к клавиатуре и тут не просто клавиатура ноутбука, тут вместо стандартных F1-F12 по дефолту используются мультимедийные функции, а вот F1-F12 используются при зажатой Fn клавише. И отсутствует функция быстрого отключения тачпада на клавиатуре. В целом ноутбук нормальный. Есть возможности для аппгрейда. Осталось докупить 1 планку оперативки (только ещё бы узнать какая в нём стоит...) и м.2 SSD, вот тогда вообще зачётный ноут будет.","Цена, дизайн",Динамики,4
151,Куда я могу обратится чтоб мне доставили планку оперативной памяти и SSD диск без потери гарантии?,"лаконичный дизайн, производительность, хороший дисплей",медленный винчестер,4
152,"Купил это чудо техники, ещё не успел ВКЛ но уже разочаровался. Корпус правой стороны экрана скрипит и шатается...",,,1
153,Відмінний ноутбук. Вибір професіоналів,Все супер,Ціна,5
154,Хороший ноутбук,«»»,Мало Памяти,4
