"uri","name"
"http://dbpedia.org/resource/Eunice_Kennedy_Shriver","Eunice Kennedy Shriver"
"http://dbpedia.org/resource/Frederick_Seitz","Frederick Seitz"
"http://dbpedia.org/resource/Robert_Tarjan","Robert Tarjan"
"http://dbpedia.org/resource/Sandra_Day_O'Connor","Sandra Day O'Connor"
"http://dbpedia.org/resource/Vint_Cerf","Vint Cerf"
"http://dbpedia.org/resource/Akhil_Sharma","Akhil Sharma"
"http://dbpedia.org/resource/Chris_Clark_(politician)","Chris Clark (politician)"
"http://dbpedia.org/resource/Paul_Fannin","Paul Fannin"
"http://dbpedia.org/resource/Albert_Jacquard","Albert Jacquard"
"http://dbpedia.org/resource/Alfred_J._Eggers","Alfred J. Eggers"
"http://dbpedia.org/resource/Ali_Al-Naimi","Ali Al-Naimi"
"http://dbpedia.org/resource/Bipan_Chandra","Bipan Chandra"
"http://dbpedia.org/resource/Edgar_Schein","Edgar Schein"
"http://dbpedia.org/resource/Frederick_Terman","Frederick Terman"
"http://dbpedia.org/resource/Hamer_H._Budge","Hamer H. Budge"
"http://dbpedia.org/resource/Henry_F._Schaefer,_III","Henry F. Schaefer, III"
"http://dbpedia.org/resource/Jeremy_Fogel","Jeremy Fogel"
"http://dbpedia.org/resource/Nadir_Godrej","Nadir Godrej"
"http://dbpedia.org/resource/Niels_Helveg_Petersen","Niels Helveg Petersen"
"http://dbpedia.org/resource/Paul_Milgrom","Paul Milgrom"
"http://dbpedia.org/resource/Robert_Griffiths_(physicist)","Robert Griffiths (physicist)"
"http://dbpedia.org/resource/Rodrigue_Tremblay","Rodrigue Tremblay"
"http://dbpedia.org/resource/Susan_Schwab","Susan Schwab"
"http://dbpedia.org/resource/Wilmatte_Porter_Cockerell","Wilmatte Porter Cockerell"
"http://dbpedia.org/resource/David_B._Ashley","David B. Ashley"
"http://dbpedia.org/resource/Ali_H._Nayfeh","Ali H. Nayfeh"
"http://dbpedia.org/resource/Andy_Berke","Andy Berke"
"http://dbpedia.org/resource/Brad_Krevoy","Brad Krevoy"
"http://dbpedia.org/resource/David_Allais","David Allais"
"http://dbpedia.org/resource/David_Campos","David Campos"
"http://dbpedia.org/resource/Heidi_W._Durrow","Heidi W. Durrow"
"http://dbpedia.org/resource/Justin_P._Wilson","Justin P. Wilson"
"http://dbpedia.org/resource/Lee_Swindlehurst","Lee Swindlehurst"
"http://dbpedia.org/resource/Mark_Coggins","Mark Coggins"
"http://dbpedia.org/resource/Paola_Gianturco","Paola Gianturco"
"http://dbpedia.org/resource/Peter_S._Kim","Peter S. Kim"
"http://dbpedia.org/resource/Sam_Altman","Sam Altman"
"http://dbpedia.org/resource/Amy_Biehl","Amy Biehl"
"http://dbpedia.org/resource/Bill_Dally","Bill Dally"
"http://dbpedia.org/resource/Daniel_Berdichevsky","Daniel Berdichevsky"
"http://dbpedia.org/resource/Daniel_Sigman","Daniel Sigman"
"http://dbpedia.org/resource/Darrell_Duffie","Darrell Duffie"
"http://dbpedia.org/resource/James_Townsend_(psychologist)","James Townsend (psychologist)"
"http://dbpedia.org/resource/Jonathan_Levin_(economist)","Jonathan Levin (economist)"
"http://dbpedia.org/resource/Mark_McMenamin","Mark McMenamin"
"http://dbpedia.org/resource/Michael_Haas_(political_scientist)","Michael Haas (political scientist)"
"http://dbpedia.org/resource/Patrick_Shea_(Utah_lawyer)","Patrick Shea (Utah lawyer)"
"http://dbpedia.org/resource/Radka_Donnell","Radka Donnell"
"http://dbpedia.org/resource/Robert_A._Scholtz","Robert A. Scholtz"
"http://dbpedia.org/resource/Rodney_O'Gliasain_Kennedy-Minott","Rodney O'Gliasain Kennedy-Minott"
"http://dbpedia.org/resource/Thomas_L._Magnanti","Thomas L. Magnanti"
"http://dbpedia.org/resource/Vincent_Price_(educator)","Vincent Price (educator)"
"http://dbpedia.org/resource/Dixy_Lee_Ray","Dixy Lee Ray"
"http://dbpedia.org/resource/Francine_Patterson","Francine Patterson"
"http://dbpedia.org/resource/John_Van_Denburgh","John Van Denburgh"
"http://dbpedia.org/resource/Reed_Hastings","Reed Hastings"
"http://dbpedia.org/resource/Robert_Sternberg","Robert Sternberg"
"http://dbpedia.org/resource/Rodney_Brooks","Rodney Brooks"
"http://dbpedia.org/resource/Brian_Acton","Brian Acton"
"http://dbpedia.org/resource/Oussama_Khatib","Oussama Khatib"
"http://dbpedia.org/resource/Alfred_Lutter","Alfred Lutter"
"http://dbpedia.org/resource/Robert_T._Tobin","Robert T. Tobin"
"http://dbpedia.org/resource/Samuel_Armacost","Samuel Armacost"
"http://dbpedia.org/resource/Victor_Velculescu","Victor Velculescu"
"http://dbpedia.org/resource/James_D._Hart","James D. Hart"
"http://dbpedia.org/resource/Donald_J._Grace","Donald J. Grace"
"http://dbpedia.org/resource/Eric_J._Boswell","Eric J. Boswell"
"http://dbpedia.org/resource/Genevieve_Bell","Genevieve Bell"
"http://dbpedia.org/resource/James_M._Stevens","James M. Stevens"
"http://dbpedia.org/resource/Mark_T._Carleton","Mark T. Carleton"
"http://dbpedia.org/resource/Monica_Márquez","Monica Márquez"
"http://dbpedia.org/resource/Charles_Ogletree","Charles Ogletree"
"http://dbpedia.org/resource/James_Stewart_(mathematician)","James Stewart (mathematician)"
"http://dbpedia.org/resource/Timothy_C._Draper","Timothy C. Draper"
"http://dbpedia.org/resource/Angie_Paccione","Angie Paccione"
"http://dbpedia.org/resource/Charles_Reis_Felix","Charles Reis Felix"
"http://dbpedia.org/resource/Hanna_Rosin","Hanna Rosin"
"http://dbpedia.org/resource/James_D._Hollan","James D. Hollan"
"http://dbpedia.org/resource/Neal_E._Miller","Neal E. Miller"
"http://dbpedia.org/resource/David_H._Bailey","David H. Bailey"
"http://dbpedia.org/resource/Ted_Lieu","Ted Lieu"
"http://dbpedia.org/resource/Dennis_Hwang","Dennis Hwang"
"http://dbpedia.org/resource/Donald_Pederson","Donald Pederson"
"http://dbpedia.org/resource/Dudley_R._Herschbach","Dudley R. Herschbach"
"http://dbpedia.org/resource/William_Ouchi","William Ouchi"
"http://dbpedia.org/resource/Allen_Drury","Allen Drury"
"http://dbpedia.org/resource/Derek_Bok","Derek Bok"
"http://dbpedia.org/resource/Michael_Fincke","Michael Fincke"
"http://dbpedia.org/resource/Andre_Braugher","Andre Braugher"
"http://dbpedia.org/resource/John_H._Wilson_(Hawaii)","John H. Wilson (Hawaii)"
"http://dbpedia.org/resource/Walter_J._Stoessel_Jr.","Walter J. Stoessel Jr."
"http://dbpedia.org/resource/Jan_Laverty_Jones","Jan Laverty Jones"
"http://dbpedia.org/resource/Kathleen_Brown","Kathleen Brown"
"http://dbpedia.org/resource/Steve_Bing","Steve Bing"
"http://dbpedia.org/resource/Quinn_McNemar","Quinn McNemar"
"http://dbpedia.org/resource/John_Jay_O'Connor","John Jay O'Connor"
"http://dbpedia.org/resource/Alexander_Gonzalez","Alexander Gonzalez"
"http://dbpedia.org/resource/Joseph_H._Eberly","Joseph H. Eberly"
"http://dbpedia.org/resource/Josephine_Dillon","Josephine Dillon"
"http://dbpedia.org/resource/Mary_Carskadon","Mary Carskadon"
"http://dbpedia.org/resource/Robert_H._Shapiro","Robert H. Shapiro"
"http://dbpedia.org/resource/Joanna_Pruess","Joanna Pruess"
"http://dbpedia.org/resource/Michael_Bruno","Michael Bruno"
"http://dbpedia.org/resource/Norman_H._Nie","Norman H. Nie"
"http://dbpedia.org/resource/Bryna_Kra","Bryna Kra"
"http://dbpedia.org/resource/Jonathan_Pila","Jonathan Pila"
"http://dbpedia.org/resource/Karl_Deisseroth","Karl Deisseroth"
"http://dbpedia.org/resource/Robert_Schimke","Robert Schimke"
"http://dbpedia.org/resource/Robert_W._McElroy","Robert W. McElroy"
"http://dbpedia.org/resource/Ronald_Vale","Ronald Vale"
"http://dbpedia.org/resource/Sally_Shlaer","Sally Shlaer"
"http://dbpedia.org/resource/Scott_Sheffield","Scott Sheffield"
"http://dbpedia.org/resource/Bill_Lane_(publisher)","Bill Lane (publisher)"
"http://dbpedia.org/resource/Dean_Jamison","Dean Jamison"
"http://dbpedia.org/resource/Gary_M._Mavko","Gary M. Mavko"
"http://dbpedia.org/resource/James_C._Bliss","James C. Bliss"
"http://dbpedia.org/resource/Justin_Rosenstein","Justin Rosenstein"
"http://dbpedia.org/resource/Kenneth_S._Suslick","Kenneth S. Suslick"
"http://dbpedia.org/resource/Michael_Kazin","Michael Kazin"
"http://dbpedia.org/resource/Roscoe_Giles","Roscoe Giles"
"http://dbpedia.org/resource/Ali_Hajimiri","Ali Hajimiri"
"http://dbpedia.org/resource/Brent_R._Appel","Brent R. Appel"
"http://dbpedia.org/resource/Dick_Haugland","Dick Haugland"
"http://dbpedia.org/resource/Jitendra_Malik","Jitendra Malik"
"http://dbpedia.org/resource/Mariano-Florentino_Cuéllar","Mariano-Florentino Cuéllar"
"http://dbpedia.org/resource/Max_Crawford_(writer)","Max Crawford (writer)"
"http://dbpedia.org/resource/Salar_Kamangar","Salar Kamangar"
"http://dbpedia.org/resource/Ted_Nace","Ted Nace"
"http://dbpedia.org/resource/Thom_Weisel","Thom Weisel"
"http://dbpedia.org/resource/Adrienne_Russell","Adrienne Russell"
"http://dbpedia.org/resource/Hans_Fränkel","Hans Fränkel"
"http://dbpedia.org/resource/Marie-Therese_Connolly","Marie-Therese Connolly"
"http://dbpedia.org/resource/Nir_Friedman","Nir Friedman"
"http://dbpedia.org/resource/Chip_Conley","Chip Conley"
"http://dbpedia.org/resource/Eddie_Basha,_Jr.","Eddie Basha, Jr."
"http://dbpedia.org/resource/Edward_Maibach","Edward Maibach"
"http://dbpedia.org/resource/Elisabeth_Targ","Elisabeth Targ"
"http://dbpedia.org/resource/Ernest_Moniz","Ernest Moniz"
"http://dbpedia.org/resource/Lawrence_Haddad","Lawrence Haddad"
"http://dbpedia.org/resource/Luis_Cabral_(economist)","Luis Cabral (economist)"
"http://dbpedia.org/resource/Mukesh_Ambani","Mukesh Ambani"
"http://dbpedia.org/resource/Sharon_Olds","Sharon Olds"
"http://dbpedia.org/resource/Taher_Elgamal","Taher Elgamal"
"http://dbpedia.org/resource/Tim_Wirth","Tim Wirth"
"http://dbpedia.org/resource/Douglas_Lenat","Douglas Lenat"
"http://dbpedia.org/resource/Gray_Davis","Gray Davis"
"http://dbpedia.org/resource/Jack_Parsons_(rocket_engineer)","Jack Parsons (rocket engineer)"
"http://dbpedia.org/resource/Armen_Alchian","Armen Alchian"
"http://dbpedia.org/resource/Byron_Preiss","Byron Preiss"
"http://dbpedia.org/resource/Charles_M._Lieber","Charles M. Lieber"
"http://dbpedia.org/resource/Claudio_Fernández-Aráoz","Claudio Fernández-Aráoz"
"http://dbpedia.org/resource/Craig_McCaw","Craig McCaw"
"http://dbpedia.org/resource/Don_Edwards","Don Edwards"
"http://dbpedia.org/resource/Jean-Lou_Chameau","Jean-Lou Chameau"
"http://dbpedia.org/resource/John_Lipsky","John Lipsky"
"http://dbpedia.org/resource/Jonathan_Veitch","Jonathan Veitch"
"http://dbpedia.org/resource/Laurence_Monroe_Klauber","Laurence Monroe Klauber"
"http://dbpedia.org/resource/Paul_G._Cassell","Paul G. Cassell"
"http://dbpedia.org/resource/Peter_Hoagland","Peter Hoagland"
"http://dbpedia.org/resource/Sundar_Pichai","Sundar Pichai"
"http://dbpedia.org/resource/Susan_McCaw","Susan McCaw"
"http://dbpedia.org/resource/William_D._McElroy","William D. McElroy"
"http://dbpedia.org/resource/Ben_Savage","Ben Savage"
"http://dbpedia.org/resource/S._Stillman_Berry","S. Stillman Berry"
"http://dbpedia.org/resource/Alan_G._Merten","Alan G. Merten"
"http://dbpedia.org/resource/Bienvenido_Nebres","Bienvenido Nebres"
"http://dbpedia.org/resource/Donald_D._Chamberlin","Donald D. Chamberlin"
"http://dbpedia.org/resource/Joseph_M._Pettit","Joseph M. Pettit"
"http://dbpedia.org/resource/Joyce_Carol_Thomas","Joyce Carol Thomas"
"http://dbpedia.org/resource/Lloyd_N._Trefethen","Lloyd N. Trefethen"
"http://dbpedia.org/resource/Michael_D._Cohen_(academic)","Michael D. Cohen (academic)"
"http://dbpedia.org/resource/Richard_Ofshe","Richard Ofshe"
"http://dbpedia.org/resource/Andrew_Moravcsik","Andrew Moravcsik"
"http://dbpedia.org/resource/Earl_B._Hunt","Earl B. Hunt"
"http://dbpedia.org/resource/Gene_D._Block","Gene D. Block"
"http://dbpedia.org/resource/Martín_Abadi","Martín Abadi"
"http://dbpedia.org/resource/Nils_John_Nilsson","Nils John Nilsson"
"http://dbpedia.org/resource/Shane_Greenstein","Shane Greenstein"
"http://dbpedia.org/resource/Surajit_Chaudhuri","Surajit Chaudhuri"
"http://dbpedia.org/resource/Tina_Smith","Tina Smith"
"http://dbpedia.org/resource/Brent_Barton","Brent Barton"
"http://dbpedia.org/resource/Brooksley_Born","Brooksley Born"
"http://dbpedia.org/resource/Dana_Fox","Dana Fox"
"http://dbpedia.org/resource/J._Michael_Harrison","J. Michael Harrison"
"http://dbpedia.org/resource/Lawrence_Bridges","Lawrence Bridges"
"http://dbpedia.org/resource/Robert_A._Baker","Robert A. Baker"
"http://dbpedia.org/resource/Samaun_Samadikun","Samaun Samadikun"
"http://dbpedia.org/resource/Vinod_Aggarwal","Vinod Aggarwal"
"http://dbpedia.org/resource/Douglas_Hofstadter","Douglas Hofstadter"
"http://dbpedia.org/resource/Fred_Savage","Fred Savage"
"http://dbpedia.org/resource/Herbert_Hoover","Herbert Hoover"
"http://dbpedia.org/resource/Ralph_Merkle","Ralph Merkle"
"http://dbpedia.org/resource/Charles_Francis_Richter","Charles Francis Richter"
"http://dbpedia.org/resource/Chih-Tang_Sah","Chih-Tang Sah"
"http://dbpedia.org/resource/David_Martin_(mayor)","David Martin (mayor)"
"http://dbpedia.org/resource/Doug_La_Follette","Doug La Follette"
"http://dbpedia.org/resource/Ken_Yeager","Ken Yeager"
"http://dbpedia.org/resource/Margery_Eagan","Margery Eagan"
"http://dbpedia.org/resource/Michael_Turner_(cosmologist)","Michael Turner (cosmologist)"
"http://dbpedia.org/resource/Roger_Moore_(computer_scientist)","Roger Moore (computer scientist)"
"http://dbpedia.org/resource/Seiji_Ogawa","Seiji Ogawa"
"http://dbpedia.org/resource/Seth_Godin","Seth Godin"
"http://dbpedia.org/resource/Thomas_Smith_(finance_professor)","Thomas Smith (finance professor)"
"http://dbpedia.org/resource/Trip_Hawkins","Trip Hawkins"
"http://dbpedia.org/resource/Vikram_Seth","Vikram Seth"
"http://dbpedia.org/resource/William_Draper_Harkins","William Draper Harkins"
"http://dbpedia.org/resource/Yul_Kwon","Yul Kwon"
"http://dbpedia.org/resource/Anne_de_Graaf","Anne de Graaf"
"http://dbpedia.org/resource/Cal_Dooley","Cal Dooley"
"http://dbpedia.org/resource/Charles_Isherwood","Charles Isherwood"
"http://dbpedia.org/resource/Chitra_Subramaniam","Chitra Subramaniam"
"http://dbpedia.org/resource/Esther_Lederberg","Esther Lederberg"
"http://dbpedia.org/resource/Goodwin_Liu","Goodwin Liu"
"http://dbpedia.org/resource/Mark_Lippert","Mark Lippert"
"http://dbpedia.org/resource/Michael_Saunders_(academic)","Michael Saunders (academic)"
"http://dbpedia.org/resource/Stefan_Halper","Stefan Halper"
"http://dbpedia.org/resource/Angus_Macintyre","Angus Macintyre"
"http://dbpedia.org/resource/Brian_Harvey_(lecturer)","Brian Harvey (lecturer)"
"http://dbpedia.org/resource/Brian_Morris_(judge)","Brian Morris (judge)"
"http://dbpedia.org/resource/James_Bayley_(politician)","James Bayley (politician)"
"http://dbpedia.org/resource/James_Enstrom","James Enstrom"
"http://dbpedia.org/resource/John_Ordway_(ambassador)","John Ordway (ambassador)"
"http://dbpedia.org/resource/L._Gary_Leal","L. Gary Leal"
"http://dbpedia.org/resource/Martin_Hellman","Martin Hellman"
"http://dbpedia.org/resource/Michael_McFaul","Michael McFaul"
"http://dbpedia.org/resource/Nathaniel_Mackey","Nathaniel Mackey"
"http://dbpedia.org/resource/Pete_McCloskey","Pete McCloskey"
"http://dbpedia.org/resource/Skyler_Samuels","Skyler Samuels"
"http://dbpedia.org/resource/Sourav_Chatterjee","Sourav Chatterjee"
"http://dbpedia.org/resource/Vartan_Gregorian","Vartan Gregorian"
"http://dbpedia.org/resource/William_Milam","William Milam"
"http://dbpedia.org/resource/Candace_A._Yano","Candace A. Yano"
"http://dbpedia.org/resource/Howard_C._Nielson","Howard C. Nielson"
"http://dbpedia.org/resource/Jane_Holl_Lute","Jane Holl Lute"
"http://dbpedia.org/resource/John_Bryson","John Bryson"
"http://dbpedia.org/resource/Jonathan_Adelstein","Jonathan Adelstein"
"http://dbpedia.org/resource/Joseph_Conrad_Chamberlin","Joseph Conrad Chamberlin"
"http://dbpedia.org/resource/Mike_Volpi","Mike Volpi"
"http://dbpedia.org/resource/Norman_Breslow","Norman Breslow"
"http://dbpedia.org/resource/Per_Ditlev-Simonsen","Per Ditlev-Simonsen"
"http://dbpedia.org/resource/Sandra_Froman","Sandra Froman"
"http://dbpedia.org/resource/David_Ibarra_Muñoz","David Ibarra Muñoz"
"http://dbpedia.org/resource/Perley_G._Nutting","Perley G. Nutting"
"http://dbpedia.org/resource/Steven_Levitsky","Steven Levitsky"
"http://dbpedia.org/resource/Dacher_Keltner","Dacher Keltner"
"http://dbpedia.org/resource/Hilmi_Volkan_Demir","Hilmi Volkan Demir"
"http://dbpedia.org/resource/Karl_Barry_Sharpless","Karl Barry Sharpless"
"http://dbpedia.org/resource/Kevin_Warsh","Kevin Warsh"
"http://dbpedia.org/resource/Paul_Leonardi","Paul Leonardi"
"http://dbpedia.org/resource/Robert_Bass","Robert Bass"
"http://dbpedia.org/resource/Sri_Srinivasan","Sri Srinivasan"
"http://dbpedia.org/resource/Alexander_Payne","Alexander Payne"
"http://dbpedia.org/resource/Carl_Hayden","Carl Hayden"
"http://dbpedia.org/resource/Cleve_Moler","Cleve Moler"
"http://dbpedia.org/resource/Goodwin_Knight","Goodwin Knight"
"http://dbpedia.org/resource/Ray_Lyman_Wilbur","Ray Lyman Wilbur"
"http://dbpedia.org/resource/Stuart_J._Russell","Stuart J. Russell"
"http://dbpedia.org/resource/Thomas_O._Paine","Thomas O. Paine"
"http://dbpedia.org/resource/Victor_Grinich","Victor Grinich"
"http://dbpedia.org/resource/Charles_L._McNary","Charles L. McNary"
"http://dbpedia.org/resource/Penny_Pritzker","Penny Pritzker"
"http://dbpedia.org/resource/Seth_Neddermeyer","Seth Neddermeyer"
"http://dbpedia.org/resource/Susan_Rice","Susan Rice"
"http://dbpedia.org/resource/William_Rehnquist","William Rehnquist"
"http://dbpedia.org/resource/Anthony_Downs","Anthony Downs"
"http://dbpedia.org/resource/Daniel_Henry_Holmes_Ingalls_Jr.","Daniel Henry Holmes Ingalls Jr."
"http://dbpedia.org/resource/France_A._Córdova","France A. Córdova"
"http://dbpedia.org/resource/Frank_Cady","Frank Cady"
"http://dbpedia.org/resource/Ivo_Banac","Ivo Banac"
"http://dbpedia.org/resource/Joe_Simitian","Joe Simitian"
"http://dbpedia.org/resource/Keith_Hennessey","Keith Hennessey"
"http://dbpedia.org/resource/Lawrence_Lau","Lawrence Lau"
"http://dbpedia.org/resource/Lorenzo_Zambrano","Lorenzo Zambrano"
"http://dbpedia.org/resource/Melissa_Franklin","Melissa Franklin"
"http://dbpedia.org/resource/Nettie_Stevens","Nettie Stevens"
"http://dbpedia.org/resource/Randy_Schekman","Randy Schekman"
"http://dbpedia.org/resource/Robert_Kowalski","Robert Kowalski"
"http://dbpedia.org/resource/William_P._Clark_Jr.","William P. Clark Jr."
"http://dbpedia.org/resource/Alvin_E._Roth","Alvin E. Roth"
"http://dbpedia.org/resource/Fahd_bin_Abdul_Rahman_Balghunaim","Fahd bin Abdul Rahman Balghunaim"
"http://dbpedia.org/resource/Jared_Cohen","Jared Cohen"
"http://dbpedia.org/resource/Valerie_Jarrett","Valerie Jarrett"
"http://dbpedia.org/resource/Reinhard_Wilhelm","Reinhard Wilhelm"
"http://dbpedia.org/resource/Cayetano_Paderanga_Jr.","Cayetano Paderanga Jr."
"http://dbpedia.org/resource/Miklos_Porkolab","Miklos Porkolab"
"http://dbpedia.org/resource/Stephen_Elledge","Stephen Elledge"
"http://dbpedia.org/resource/Thomas_Ulen","Thomas Ulen"
"http://dbpedia.org/resource/Gretchen_Daily","Gretchen Daily"
"http://dbpedia.org/resource/Joseph_Jimenez","Joseph Jimenez"
"http://dbpedia.org/resource/Mike_Krieger","Mike Krieger"
"http://dbpedia.org/resource/Gladys_Anderson_Emerson","Gladys Anderson Emerson"
"http://dbpedia.org/resource/Joseph_S._B._Mitchell","Joseph S. B. Mitchell"
"http://dbpedia.org/resource/Nicholas_J._Hoff","Nicholas J. Hoff"
"http://dbpedia.org/resource/Adrian_Mihai_Ionescu","Adrian Mihai Ionescu"
"http://dbpedia.org/resource/Carolina_Isakson_Proctor","Carolina Isakson Proctor"
"http://dbpedia.org/resource/Dominique_Hoppe","Dominique Hoppe"
"http://dbpedia.org/resource/Fred_W._Turek","Fred W. Turek"
"http://dbpedia.org/resource/Matthew_Kleban","Matthew Kleban"
"http://dbpedia.org/resource/Robert_E._Swain","Robert E. Swain"
"http://dbpedia.org/resource/Ryoo_Ryong","Ryoo Ryong"
"http://dbpedia.org/resource/Weldon_B._Gibson","Weldon B. Gibson"
"http://dbpedia.org/resource/Bob_Crowell","Bob Crowell"
"http://dbpedia.org/resource/Emanuel_Pleitez","Emanuel Pleitez"
"http://dbpedia.org/resource/Homer_Baird_Kidwell","Homer Baird Kidwell"
"http://dbpedia.org/resource/Jed_Rose","Jed Rose"
"http://dbpedia.org/resource/Linus_Liang","Linus Liang"
"http://dbpedia.org/resource/Nicholas_Yang","Nicholas Yang"
"http://dbpedia.org/resource/Nicolas_Sadirac","Nicolas Sadirac"
"http://dbpedia.org/resource/Stephen_Quake","Stephen Quake"
"http://dbpedia.org/resource/Tania_A._Baker","Tania A. Baker"
"http://dbpedia.org/resource/Şerif_Mardin","Şerif Mardin"
"http://dbpedia.org/resource/Brian_Elliot","Brian Elliot"
"http://dbpedia.org/resource/Chiang_Wei-ling","Chiang Wei-ling"
"http://dbpedia.org/resource/Clara_Shih","Clara Shih"
"http://dbpedia.org/resource/Gerold_C._Dunn","Gerold C. Dunn"
"http://dbpedia.org/resource/John_J._Fisher","John J. Fisher"
"http://dbpedia.org/resource/Kevin_Leyton-Brown","Kevin Leyton-Brown"
"http://dbpedia.org/resource/Kristien_Mortelmans","Kristien Mortelmans"
"http://dbpedia.org/resource/Margaret_Martonosi","Margaret Martonosi"
"http://dbpedia.org/resource/Matthew_O._Jackson","Matthew O. Jackson"
"http://dbpedia.org/resource/Sam_Yagan","Sam Yagan"
"http://dbpedia.org/resource/Thomas_Kilduff","Thomas Kilduff"
"http://dbpedia.org/resource/Val_Murray_Runge","Val Murray Runge"
"http://dbpedia.org/resource/William_A._Collins","William A. Collins"
"http://dbpedia.org/resource/William_S._Fisher","William S. Fisher"
"http://dbpedia.org/resource/Mark_Dwight","Mark Dwight"
"http://dbpedia.org/resource/Nancy_M._Amato","Nancy M. Amato"
"http://dbpedia.org/resource/Jason_Nieh","Jason Nieh"
"http://dbpedia.org/resource/Jeffrey_R._Cellars","Jeffrey R. Cellars"
"http://dbpedia.org/resource/John_Milton_Oskison","John Milton Oskison"
"http://dbpedia.org/resource/Kimber_Lockhart","Kimber Lockhart"
"http://dbpedia.org/resource/Patrick_Lincoln","Patrick Lincoln"
"http://dbpedia.org/resource/Simon_Mbilinyi","Simon Mbilinyi"
"http://dbpedia.org/resource/Alan_H._Borning","Alan H. Borning"
"http://dbpedia.org/resource/Albert_Bergesen","Albert Bergesen"
"http://dbpedia.org/resource/Andy_Rachleff","Andy Rachleff"
"http://dbpedia.org/resource/Craig_Edward_DeForest","Craig Edward DeForest"
"http://dbpedia.org/resource/Hamid_R._Moghadam","Hamid R. Moghadam"
"http://dbpedia.org/resource/Joel_Dudley","Joel Dudley"
"http://dbpedia.org/resource/Matthew_Pierce","Matthew Pierce"
"http://dbpedia.org/resource/Michael_G._McCaffery","Michael G. McCaffery"
"http://dbpedia.org/resource/Richard_Hartley_(scientist)","Richard Hartley (scientist)"
"http://dbpedia.org/resource/Samer_Hamadeh","Samer Hamadeh"
"http://dbpedia.org/resource/Sidney_L._Jones","Sidney L. Jones"
"http://dbpedia.org/resource/George_Plafker","George Plafker"
"http://dbpedia.org/resource/Rodney_Koeneke","Rodney Koeneke"
"http://dbpedia.org/resource/Vish_Narain","Vish Narain"
"http://dbpedia.org/resource/A.T._Charlie_Johnson","A.T. Charlie Johnson"
"http://dbpedia.org/resource/Caroline_D._Krass","Caroline D. Krass"
"http://dbpedia.org/resource/Celeste_Baranski","Celeste Baranski"
"http://dbpedia.org/resource/Craig_Gentry_(computer_scientist)","Craig Gentry (computer scientist)"
"http://dbpedia.org/resource/Craig_Silverstein","Craig Silverstein"
"http://dbpedia.org/resource/David_Lobell","David Lobell"
"http://dbpedia.org/resource/Doug_Chin","Doug Chin"
"http://dbpedia.org/resource/Evelina_Zuni_Lucero","Evelina Zuni Lucero"
"http://dbpedia.org/resource/Frøystein_Gjesdal","Frøystein Gjesdal"
"http://dbpedia.org/resource/Garry_Simpson","Garry Simpson"
"http://dbpedia.org/resource/Kyle_Wong","Kyle Wong"
"http://dbpedia.org/resource/Richard_Kauffman","Richard Kauffman"
"http://dbpedia.org/resource/Tom_Linebarger","Tom Linebarger"
"http://dbpedia.org/resource/Elizabeth_Loftus","Elizabeth Loftus"
"http://dbpedia.org/resource/Matthew_Bryza","Matthew Bryza"
"http://dbpedia.org/resource/Astro_Teller","Astro Teller"
"http://dbpedia.org/resource/Carla_Anderson_Hills","Carla Anderson Hills"
"http://dbpedia.org/resource/Christine_L._Borgman","Christine L. Borgman"
"http://dbpedia.org/resource/Mark_Davis_(Unicode)","Mark Davis (Unicode)"
"http://dbpedia.org/resource/Mark_Thompson_(investor)","Mark Thompson (investor)"
"http://dbpedia.org/resource/Ricardo_Maduro","Ricardo Maduro"
"http://dbpedia.org/resource/Robert_Sedgewick_(computer_scientist)","Robert Sedgewick (computer scientist)"
"http://dbpedia.org/resource/Steven_Pollock","Steven Pollock"
"http://dbpedia.org/resource/William_R._Timken","William R. Timken"
"http://dbpedia.org/resource/Bruce_William_Nickerson","Bruce William Nickerson"
"http://dbpedia.org/resource/JB_Straubel","JB Straubel"
"http://dbpedia.org/resource/Mark_Oldman","Mark Oldman"
"http://dbpedia.org/resource/Rajiv_Chandrasekaran","Rajiv Chandrasekaran"
"http://dbpedia.org/resource/Hidehiko_Yuzaki","Hidehiko Yuzaki"
"http://dbpedia.org/resource/Howard_Blum","Howard Blum"
"http://dbpedia.org/resource/Isaac_Chuang","Isaac Chuang"
"http://dbpedia.org/resource/Sheena_Iyengar","Sheena Iyengar"
"http://dbpedia.org/resource/Chiang_C._Mei","Chiang C. Mei"
"http://dbpedia.org/resource/Clark_Gilbert","Clark Gilbert"
"http://dbpedia.org/resource/Enectalí_Figueroa-Feliciano","Enectalí Figueroa-Feliciano"
"http://dbpedia.org/resource/Jeff_Andrus","Jeff Andrus"
"http://dbpedia.org/resource/Keith_G._Allred","Keith G. Allred"
"http://dbpedia.org/resource/Kurt_Triplett","Kurt Triplett"
"http://dbpedia.org/resource/Mehran_Sahami","Mehran Sahami"
"http://dbpedia.org/resource/Neal_Foster","Neal Foster"
"http://dbpedia.org/resource/Richard_C._Miller","Richard C. Miller"
"http://dbpedia.org/resource/Timothy_A._Gonsalves","Timothy A. Gonsalves"
"http://dbpedia.org/resource/Arlen_F._Gregorio","Arlen F. Gregorio"
"http://dbpedia.org/resource/Bill_Killen","Bill Killen"
"http://dbpedia.org/resource/Dorothy_Hinshaw_Patent","Dorothy Hinshaw Patent"
"http://dbpedia.org/resource/Issa_Rae","Issa Rae"
"http://dbpedia.org/resource/Kevin_Systrom","Kevin Systrom"
"http://dbpedia.org/resource/Mitchel_P._Goldman","Mitchel P. Goldman"
"http://dbpedia.org/resource/Mohamed_Yousef_Soliman","Mohamed Yousef Soliman"
"http://dbpedia.org/resource/Selden_Edwards","Selden Edwards"
"http://dbpedia.org/resource/Taekjip_Ha","Taekjip Ha"
"http://dbpedia.org/resource/Tim_Berry_(entrepreneur)","Tim Berry (entrepreneur)"
"http://dbpedia.org/resource/Trevor_Hastie","Trevor Hastie"
"http://dbpedia.org/resource/William_G._Howell","William G. Howell"
"http://dbpedia.org/resource/Aaron_Persky","Aaron Persky"
"http://dbpedia.org/resource/Charles_Brenner_(mathematician)","Charles Brenner (mathematician)"
"http://dbpedia.org/resource/Dmitri_Mehlhorn","Dmitri Mehlhorn"
"http://dbpedia.org/resource/J._Doyne_Farmer","J. Doyne Farmer"
"http://dbpedia.org/resource/Jon_Bentley_(computer_scientist)","Jon Bentley (computer scientist)"
"http://dbpedia.org/resource/Jumoke_Oduwole","Jumoke Oduwole"
"http://dbpedia.org/resource/Marcos_Galperin","Marcos Galperin"
"http://dbpedia.org/resource/Mariann_Byerwalter","Mariann Byerwalter"
"http://dbpedia.org/resource/Stanley_Sheinbaum","Stanley Sheinbaum"
"http://dbpedia.org/resource/Steve_Russell_(businessman)","Steve Russell (businessman)"
"http://dbpedia.org/resource/Steven_Pifer","Steven Pifer"
"http://dbpedia.org/resource/Ulrike_Tillmann","Ulrike Tillmann"
"http://dbpedia.org/resource/Bernard_Widrow","Bernard Widrow"
"http://dbpedia.org/resource/Carlos_Bea","Carlos Bea"
"http://dbpedia.org/resource/Gavriel_Salomon","Gavriel Salomon"
"http://dbpedia.org/resource/Geoffrey_West","Geoffrey West"
"http://dbpedia.org/resource/Joseph_Grinnell","Joseph Grinnell"
"http://dbpedia.org/resource/Kathleen_Falk","Kathleen Falk"
"http://dbpedia.org/resource/Kristina_M._Johnson","Kristina M. Johnson"
"http://dbpedia.org/resource/Lee_Si-Chen","Lee Si-Chen"
"http://dbpedia.org/resource/N._Scott_Momaday","N. Scott Momaday"
"http://dbpedia.org/resource/Amanda_Renteria","Amanda Renteria"
"http://dbpedia.org/resource/Fazle_Hussain","Fazle Hussain"
"http://dbpedia.org/resource/Francisco_X._Alarcón","Francisco X. Alarcón"
"http://dbpedia.org/resource/James_Bjorken","James Bjorken"
"http://dbpedia.org/resource/John_J._Young,_Jr.","John J. Young, Jr."
"http://dbpedia.org/resource/Michael_S._Hopkins","Michael S. Hopkins"
"http://dbpedia.org/resource/Ron_Hayes","Ron Hayes"
"http://dbpedia.org/resource/Alan_G._Marshall","Alan G. Marshall"
"http://dbpedia.org/resource/Chase_T._Rogers","Chase T. Rogers"
"http://dbpedia.org/resource/Clarence_F._Lea","Clarence F. Lea"
"http://dbpedia.org/resource/David_Avis","David Avis"
"http://dbpedia.org/resource/Kenneth_G._Matheson","Kenneth G. Matheson"
"http://dbpedia.org/resource/Miquel_Faig","Miquel Faig"
"http://dbpedia.org/resource/Richard_S._Sutton","Richard S. Sutton"
"http://dbpedia.org/resource/Vamsi_Mootha","Vamsi Mootha"
"http://dbpedia.org/resource/John_Roos","John Roos"
"http://dbpedia.org/resource/Kori_Schake","Kori Schake"
"http://dbpedia.org/resource/Venky_Harinarayan","Venky Harinarayan"
"http://dbpedia.org/resource/Dana_L._Christensen","Dana L. Christensen"
"http://dbpedia.org/resource/Paul_Deneve","Paul Deneve"
"http://dbpedia.org/resource/Gary_B._Mesibov","Gary B. Mesibov"
"http://dbpedia.org/resource/Jane_Chen","Jane Chen"
"http://dbpedia.org/resource/R._Keith_McCormick","R. Keith McCormick"
"http://dbpedia.org/resource/Alan_J._Viergutz","Alan J. Viergutz"
"http://dbpedia.org/resource/Barbara_G._Ryder","Barbara G. Ryder"
"http://dbpedia.org/resource/Brian_Singerman","Brian Singerman"
"http://dbpedia.org/resource/Bud_Colligan","Bud Colligan"
"http://dbpedia.org/resource/Devavrat_Shah","Devavrat Shah"
"http://dbpedia.org/resource/Jackie_Sumell","Jackie Sumell"
"http://dbpedia.org/resource/James_H._Shelton","James H. Shelton"
"http://dbpedia.org/resource/Jane_Blankenship","Jane Blankenship"
"http://dbpedia.org/resource/Kim_Kimoon","Kim Kimoon"
"http://dbpedia.org/resource/Liao_Cheng-hao","Liao Cheng-hao"
"http://dbpedia.org/resource/Mung_Chiang","Mung Chiang"
"http://dbpedia.org/resource/Nicole_Aunapu_Mann","Nicole Aunapu Mann"
"http://dbpedia.org/resource/Rob_Reich","Rob Reich"
"http://dbpedia.org/resource/Ruth_Porat","Ruth Porat"
"http://dbpedia.org/resource/Shea_Jia-dong","Shea Jia-dong"
"http://dbpedia.org/resource/James_J._Kuffner_Jr.","James J. Kuffner Jr."
"http://dbpedia.org/resource/Richard_Uihlein","Richard Uihlein"
"http://dbpedia.org/resource/Angel_Alcala","Angel Alcala"
"http://dbpedia.org/resource/Athuman_Mfutakamba","Athuman Mfutakamba"
"http://dbpedia.org/resource/Dave_Hanley","Dave Hanley"
"http://dbpedia.org/resource/Gregory_Raleigh","Gregory Raleigh"
"http://dbpedia.org/resource/Harry_E._Wheeler","Harry E. Wheeler"
"http://dbpedia.org/resource/Henrich_R._Greve","Henrich R. Greve"
"http://dbpedia.org/resource/Lise_Getoor","Lise Getoor"
"http://dbpedia.org/resource/Manish_S._Shah","Manish S. Shah"
"http://dbpedia.org/resource/Marcus_Feldman","Marcus Feldman"
"http://dbpedia.org/resource/Neil_Rimer","Neil Rimer"
"http://dbpedia.org/resource/Rahul_Panicker","Rahul Panicker"
"http://dbpedia.org/resource/Amy_Mainzer","Amy Mainzer"
"http://dbpedia.org/resource/Beth_Kerttula","Beth Kerttula"
"http://dbpedia.org/resource/David_Brown_(producer)","David Brown (producer)"
"http://dbpedia.org/resource/David_Wu","David Wu"
"http://dbpedia.org/resource/Jorge_Cham","Jorge Cham"
"http://dbpedia.org/resource/Lou_Henry_Hoover","Lou Henry Hoover"
"http://dbpedia.org/resource/Michael_Tolan","Michael Tolan"
"http://dbpedia.org/resource/Paul_Winfield","Paul Winfield"
"http://dbpedia.org/resource/Robert_Carr_(programmer)","Robert Carr (programmer)"
"http://dbpedia.org/resource/Ronna_Romney","Ronna Romney"
"http://dbpedia.org/resource/Young_Boozer","Young Boozer"
"http://dbpedia.org/resource/Alejandro_Toledo","Alejandro Toledo"
"http://dbpedia.org/resource/Doodles_Weaver","Doodles Weaver"
"http://dbpedia.org/resource/Jeff_Rulifson","Jeff Rulifson"
"http://dbpedia.org/resource/Jeffrey_Eugenides","Jeffrey Eugenides"
"http://dbpedia.org/resource/Larry_Page","Larry Page"
"http://dbpedia.org/resource/Roger_Corman","Roger Corman"
"http://dbpedia.org/resource/Ron_Rivest","Ron Rivest"
"http://dbpedia.org/resource/Sergey_Brin","Sergey Brin"
"http://dbpedia.org/resource/Sigourney_Weaver","Sigourney Weaver"
"http://dbpedia.org/resource/Alex_Tizon","Alex Tizon"
"http://dbpedia.org/resource/Bradford_Perkins_(architect)","Bradford Perkins (architect)"
"http://dbpedia.org/resource/Charles_Brenner","Charles Brenner"
"http://dbpedia.org/resource/Gina_Bianchini","Gina Bianchini"
"http://dbpedia.org/resource/Jeff_Sheng","Jeff Sheng"
"http://dbpedia.org/resource/Jennifer_Siebel_Newsom","Jennifer Siebel Newsom"
"http://dbpedia.org/resource/Jim_Sensenbrenner","Jim Sensenbrenner"
"http://dbpedia.org/resource/Joseph_Bouchard","Joseph Bouchard"
"http://dbpedia.org/resource/Lindsey_Holmes","Lindsey Holmes"
"http://dbpedia.org/resource/Marc_Feinstein","Marc Feinstein"
"http://dbpedia.org/resource/Max_Gruenberg","Max Gruenberg"
"http://dbpedia.org/resource/Patricia_Lantz","Patricia Lantz"
"http://dbpedia.org/resource/Susan_Almy","Susan Almy"
"http://dbpedia.org/resource/Jay_Roach","Jay Roach"
"http://dbpedia.org/resource/Marcian_Hoff","Marcian Hoff"
"http://dbpedia.org/resource/Mark_Hatfield","Mark Hatfield"
"http://dbpedia.org/resource/Olene_Walker","Olene Walker"
"http://dbpedia.org/resource/Regina_Ip","Regina Ip"
"http://dbpedia.org/resource/Stephen_L._Carter","Stephen L. Carter"
"http://dbpedia.org/resource/Clark_Kerr","Clark Kerr"
"http://dbpedia.org/resource/Jennifer_Dunn_(politician)","Jennifer Dunn (politician)"
"http://dbpedia.org/resource/Richard_P._Brent","Richard P. Brent"
"http://dbpedia.org/resource/Dado_Banatao","Dado Banatao"
"http://dbpedia.org/resource/Donald_Tresidder","Donald Tresidder"
"http://dbpedia.org/resource/Paul_Slovic","Paul Slovic"
"http://dbpedia.org/resource/Thomas_Gilovich","Thomas Gilovich"
"http://dbpedia.org/resource/Anthony_Kennedy","Anthony Kennedy"
"http://dbpedia.org/resource/George_Tchobanoglous","George Tchobanoglous"
"http://dbpedia.org/resource/C._Kumar_N._Patel","C. Kumar N. Patel"
"http://dbpedia.org/resource/James_F._Lloyd","James F. Lloyd"
"http://dbpedia.org/resource/Kathleen_Matthews","Kathleen Matthews"
"http://dbpedia.org/resource/Keith_Holyoak","Keith Holyoak"
"http://dbpedia.org/resource/Naomi_Oreskes","Naomi Oreskes"
"http://dbpedia.org/resource/Karl_Eikenberry","Karl Eikenberry"
"http://dbpedia.org/resource/Sharmeen_Obaid-Chinoy","Sharmeen Obaid-Chinoy"
"http://dbpedia.org/resource/Betty_Binns_Fletcher","Betty Binns Fletcher"
"http://dbpedia.org/resource/Michelle_T._Friedland","Michelle T. Friedland"
"http://dbpedia.org/resource/Carl_J._Gilbert","Carl J. Gilbert"
"http://dbpedia.org/resource/Josep_Torrellas","Josep Torrellas"
"http://dbpedia.org/resource/Leslie_Ungerleider","Leslie Ungerleider"
"http://dbpedia.org/resource/Dean_L._Hubbard","Dean L. Hubbard"
"http://dbpedia.org/resource/Kelly_McDowell","Kelly McDowell"
"http://dbpedia.org/resource/C._Allin_Cornell","C. Allin Cornell"
"http://dbpedia.org/resource/Dick_Gould","Dick Gould"
"http://dbpedia.org/resource/Hugh_Gusterson","Hugh Gusterson"
"http://dbpedia.org/resource/Insoo_Hyun","Insoo Hyun"
"http://dbpedia.org/resource/James_Bloodworth,_Jr.","James Bloodworth, Jr."
"http://dbpedia.org/resource/Judy_Illes","Judy Illes"
"http://dbpedia.org/resource/Julie_Bunn","Julie Bunn"
"http://dbpedia.org/resource/Kathleen_Gerson","Kathleen Gerson"
"http://dbpedia.org/resource/Peter_Dalglish","Peter Dalglish"
"http://dbpedia.org/resource/William_T._Miller","William T. Miller"
"http://dbpedia.org/resource/Alexa_L._Wesner","Alexa L. Wesner"
"http://dbpedia.org/resource/James_Van_Remsen,_Jr.","James Van Remsen, Jr."
"http://dbpedia.org/resource/John_Pardon","John Pardon"
"http://dbpedia.org/resource/Roland_Siegwart","Roland Siegwart"
"http://dbpedia.org/resource/Arturo_Munoz_(intelligence)","Arturo Munoz (intelligence)"
"http://dbpedia.org/resource/Boris_Bershteyn","Boris Bershteyn"
"http://dbpedia.org/resource/Christopher_Burge","Christopher Burge"
"http://dbpedia.org/resource/Eran_Segal","Eran Segal"
"http://dbpedia.org/resource/Jonathan_K._Pritchard","Jonathan K. Pritchard"
"http://dbpedia.org/resource/Mark_A._Gluck","Mark A. Gluck"
"http://dbpedia.org/resource/Mark_S._Cohen","Mark S. Cohen"
"http://dbpedia.org/resource/Richard_F._Pedersen","Richard F. Pedersen"
"http://dbpedia.org/resource/Richard_W._Aldrich","Richard W. Aldrich"
"http://dbpedia.org/resource/Sim_Ann","Sim Ann"
"http://dbpedia.org/resource/Vanessa_Southern","Vanessa Southern"
"http://dbpedia.org/resource/Ali_Rowghani","Ali Rowghani"
"http://dbpedia.org/resource/António_Borges","António Borges"
"http://dbpedia.org/resource/Arthur_F._Hebard","Arthur F. Hebard"
"http://dbpedia.org/resource/Carlos_Rivas_Quiñones","Carlos Rivas Quiñones"
"http://dbpedia.org/resource/Daniel_Haber","Daniel Haber"
"http://dbpedia.org/resource/David_O._Sears","David O. Sears"
"http://dbpedia.org/resource/Robert_Hungate","Robert Hungate"
"http://dbpedia.org/resource/William_Craig_Reynolds","William Craig Reynolds"
"http://dbpedia.org/resource/Chelsea_Clinton","Chelsea Clinton"
"http://dbpedia.org/resource/Thomas_M._Cover","Thomas M. Cover"
"http://dbpedia.org/resource/Frank_Church","Frank Church"
"http://dbpedia.org/resource/Steve_Fossett","Steve Fossett"
"http://dbpedia.org/resource/Charlie_Cole_(lawyer)","Charlie Cole (lawyer)"
"http://dbpedia.org/resource/Delmer_Brown","Delmer Brown"
"http://dbpedia.org/resource/Hirofumi_Uzawa","Hirofumi Uzawa"
"http://dbpedia.org/resource/Ji_Sang-wook","Ji Sang-wook"
"http://dbpedia.org/resource/Masamitsu_Ōshima","Masamitsu Ōshima"
"http://dbpedia.org/resource/Mizuko_Ito","Mizuko Ito"
"http://dbpedia.org/resource/Philip_A._Beachy","Philip A. Beachy"
"http://dbpedia.org/resource/Pran_Nath","Pran Nath"
"http://dbpedia.org/resource/Roger_Stanier","Roger Stanier"
"http://dbpedia.org/resource/R._James_Woolsey_Jr.","R. James Woolsey Jr."
"http://dbpedia.org/resource/Chi-fu_Huang","Chi-fu Huang"
"http://dbpedia.org/resource/David_A._Kaplan","David A. Kaplan"
"http://dbpedia.org/resource/David_K._Jordan","David K. Jordan"
"http://dbpedia.org/resource/Leslie_P._Kaelbling","Leslie P. Kaelbling"
"http://dbpedia.org/resource/Neil_Daswani","Neil Daswani"
"http://dbpedia.org/resource/Richard_Shiffrin","Richard Shiffrin"
"http://dbpedia.org/resource/Richard_Statman","Richard Statman"
"http://dbpedia.org/resource/Andrew_Majda","Andrew Majda"
"http://dbpedia.org/resource/Eleni_Zaude_Gabre-Madhin","Eleni Zaude Gabre-Madhin"
"http://dbpedia.org/resource/George_McTurnan_Kahin","George McTurnan Kahin"
"http://dbpedia.org/resource/Hongkun_Park","Hongkun Park"
"http://dbpedia.org/resource/Robert_Philibosian","Robert Philibosian"
"http://dbpedia.org/resource/James_Spudich","James Spudich"
"http://dbpedia.org/resource/Donald_B._Ayer","Donald B. Ayer"
"http://dbpedia.org/resource/Adam_Schiff","Adam Schiff"
"http://dbpedia.org/resource/Azim_Premji","Azim Premji"
"http://dbpedia.org/resource/Bob_Mathias","Bob Mathias"
"http://dbpedia.org/resource/Bruce_McCandless_II","Bruce McCandless II"
"http://dbpedia.org/resource/Carly_Fiorina","Carly Fiorina"
"http://dbpedia.org/resource/Dianne_Feinstein","Dianne Feinstein"
"http://dbpedia.org/resource/Ehud_Barak","Ehud Barak"
"http://dbpedia.org/resource/Judy_Biggert","Judy Biggert"
"http://dbpedia.org/resource/Kent_Conrad","Kent Conrad"
"http://dbpedia.org/resource/Liza_Dalby","Liza Dalby"
"http://dbpedia.org/resource/Max_Baucus","Max Baucus"
"http://dbpedia.org/resource/Menzies_Campbell","Menzies Campbell"
"http://dbpedia.org/resource/Owen_K._Garriott","Owen K. Garriott"
"http://dbpedia.org/resource/Phil_Knight","Phil Knight"
"http://dbpedia.org/resource/Rick_Levin","Rick Levin"
"http://dbpedia.org/resource/Ron_Wyden","Ron Wyden"
"http://dbpedia.org/resource/Scott_Turow","Scott Turow"
"http://dbpedia.org/resource/Stephen_Robinson","Stephen Robinson"
"http://dbpedia.org/resource/Vladimir_Bukovsky","Vladimir Bukovsky"
"http://dbpedia.org/resource/William_Redington_Hewlett","William Redington Hewlett"
"http://dbpedia.org/resource/Xavier_Becerra","Xavier Becerra"
"http://dbpedia.org/resource/Zoe_Lofgren","Zoe Lofgren"
"http://dbpedia.org/resource/Goli_Ameri","Goli Ameri"
"http://dbpedia.org/resource/Mark_Lepper","Mark Lepper"
"http://dbpedia.org/resource/Mohammad_Reza_Aref","Mohammad Reza Aref"
"http://dbpedia.org/resource/Alvy_Ray_Smith","Alvy Ray Smith"
"http://dbpedia.org/resource/Cory_Booker","Cory Booker"
"http://dbpedia.org/resource/Dan_Lipinski","Dan Lipinski"
"http://dbpedia.org/resource/Dana_Gioia","Dana Gioia"
"http://dbpedia.org/resource/Daphne_Koller","Daphne Koller"
"http://dbpedia.org/resource/David_Ludwig_(physician)","David Ludwig (physician)"
"http://dbpedia.org/resource/Eliane_Karp","Eliane Karp"
"http://dbpedia.org/resource/Gretchen_Carlson","Gretchen Carlson"
"http://dbpedia.org/resource/John_B._Taylor","John B. Taylor"
"http://dbpedia.org/resource/Kevin_Young_(poet)","Kevin Young (poet)"
"http://dbpedia.org/resource/Larry_Tesler","Larry Tesler"
"http://dbpedia.org/resource/Loren_Leman","Loren Leman"
"http://dbpedia.org/resource/Paul_Davenport","Paul Davenport"
"http://dbpedia.org/resource/Paul_Kocher","Paul Kocher"
"http://dbpedia.org/resource/Rachel_Maddow","Rachel Maddow"
"http://dbpedia.org/resource/Steve_Jurvetson","Steve Jurvetson"
"http://dbpedia.org/resource/William_R._Brody","William R. Brody"
"http://dbpedia.org/resource/Daniel_Sleator","Daniel Sleator"
"http://dbpedia.org/resource/Ramanathan_V._Guha","Ramanathan V. Guha"
"http://dbpedia.org/resource/William_Perry","William Perry"
"http://dbpedia.org/resource/Allen_Newell","Allen Newell"
"http://dbpedia.org/resource/Carl_Wieman","Carl Wieman"
"http://dbpedia.org/resource/Eric_Temple_Bell","Eric Temple Bell"
"http://dbpedia.org/resource/Guy_Kawasaki","Guy Kawasaki"
"http://dbpedia.org/resource/Henry_M._Jackson","Henry M. Jackson"
"http://dbpedia.org/resource/John_Hopcroft","John Hopcroft"
"http://dbpedia.org/resource/Bertrand_Meyer","Bertrand Meyer"
"http://dbpedia.org/resource/David_Filo","David Filo"
"http://dbpedia.org/resource/Homer_Lea","Homer Lea"
"http://dbpedia.org/resource/Kurtwood_Smith","Kurtwood Smith"
"http://dbpedia.org/resource/Michael_Huffington","Michael Huffington"
"http://dbpedia.org/resource/Raj_Reddy","Raj Reddy"
"http://dbpedia.org/resource/Allison_Amend","Allison Amend"
"http://dbpedia.org/resource/Alma_Martinez_(actress)","Alma Martinez (actress)"
"http://dbpedia.org/resource/Bruce_Rittmann","Bruce Rittmann"
"http://dbpedia.org/resource/Gillian_Lester","Gillian Lester"
"http://dbpedia.org/resource/Grant_Starrett","Grant Starrett"
"http://dbpedia.org/resource/Jeffrey_Christopher_Smith","Jeffrey Christopher Smith"
"http://dbpedia.org/resource/John_Gery","John Gery"
"http://dbpedia.org/resource/Justin_Schein","Justin Schein"
"http://dbpedia.org/resource/Tracy_Chou","Tracy Chou"
"http://dbpedia.org/resource/Amir_Alexander","Amir Alexander"
"http://dbpedia.org/resource/André_Neves","André Neves"
"http://dbpedia.org/resource/Anthony_Phan","Anthony Phan"
"http://dbpedia.org/resource/Christina_Riesselman","Christina Riesselman"
"http://dbpedia.org/resource/Darra_Goldstein","Darra Goldstein"
"http://dbpedia.org/resource/David_E._Osborne","David E. Osborne"
"http://dbpedia.org/resource/Denis_Wirtz","Denis Wirtz"
"http://dbpedia.org/resource/Gary_Mekikian","Gary Mekikian"
"http://dbpedia.org/resource/James_Ferrell","James Ferrell"
"http://dbpedia.org/resource/Jeff_Seibert","Jeff Seibert"
"http://dbpedia.org/resource/Khanh_Doan","Khanh Doan"
"http://dbpedia.org/resource/Reza_Zadeh","Reza Zadeh"
"http://dbpedia.org/resource/Robert_W._Heath_Jr.","Robert W. Heath Jr."
"http://dbpedia.org/resource/Stephanie_A._Majewski","Stephanie A. Majewski"
"http://dbpedia.org/resource/Thomas_Lengauer","Thomas Lengauer"
"http://dbpedia.org/resource/Adam_Nash_(executive)","Adam Nash (executive)"
"http://dbpedia.org/resource/Akintunde_Akinwande","Akintunde Akinwande"
"http://dbpedia.org/resource/Burt_L._Talcott","Burt L. Talcott"
"http://dbpedia.org/resource/Devah_Pager","Devah Pager"
"http://dbpedia.org/resource/Doug_Walgren","Doug Walgren"
"http://dbpedia.org/resource/Frank_Hodsoll","Frank Hodsoll"
"http://dbpedia.org/resource/Jerre_Noe","Jerre Noe"
"http://dbpedia.org/resource/Joe_Belfiore","Joe Belfiore"
"http://dbpedia.org/resource/John_Holdren","John Holdren"
"http://dbpedia.org/resource/Peter_Currie_(businessman)","Peter Currie (businessman)"
"http://dbpedia.org/resource/Richard_Rodriguez","Richard Rodriguez"
"http://dbpedia.org/resource/William_J._Crowe","William J. Crowe"
"http://dbpedia.org/resource/Edward_Ginzton","Edward Ginzton"
"http://dbpedia.org/resource/Catharine_Cox_Miles","Catharine Cox Miles"
"http://dbpedia.org/resource/Gina_Arnold","Gina Arnold"
"http://dbpedia.org/resource/John_Robert_Anderson_(psychologist)","John Robert Anderson (psychologist)"
"http://dbpedia.org/resource/Karen_Cushman","Karen Cushman"
"http://dbpedia.org/resource/Keith_H._Basso","Keith H. Basso"
"http://dbpedia.org/resource/Kyriakos_Mitsotakis","Kyriakos Mitsotakis"
"http://dbpedia.org/resource/Lera_Boroditsky","Lera Boroditsky"
"http://dbpedia.org/resource/Mao_Daolin","Mao Daolin"
"http://dbpedia.org/resource/Meribeth_E._Cameron","Meribeth E. Cameron"
"http://dbpedia.org/resource/Pete_Williams_(journalist)","Pete Williams (journalist)"
"http://dbpedia.org/resource/Robert_Fellmeth","Robert Fellmeth"
"http://dbpedia.org/resource/Tracey_Edmonds","Tracey Edmonds"
"http://dbpedia.org/resource/Will_Rogers_Jr.","Will Rogers Jr."
"http://dbpedia.org/resource/William_Robert_Graham","William Robert Graham"
"http://dbpedia.org/resource/David_Cass","David Cass"
"http://dbpedia.org/resource/Ellis_E._Patterson","Ellis E. Patterson"
"http://dbpedia.org/resource/Eric_Cheng","Eric Cheng"
"http://dbpedia.org/resource/Ibrahim_Lipumba","Ibrahim Lipumba"
"http://dbpedia.org/resource/Joseph_DeRisi","Joseph DeRisi"
"http://dbpedia.org/resource/Steve_Horn","Steve Horn"
"http://dbpedia.org/resource/David_Eppstein","David Eppstein"
"http://dbpedia.org/resource/Herbert_M._Allison","Herbert M. Allison"
"http://dbpedia.org/resource/Joel_Primack","Joel Primack"
"http://dbpedia.org/resource/John_M._Rogers","John M. Rogers"
"http://dbpedia.org/resource/LaFayette_L._Patterson","LaFayette L. Patterson"
"http://dbpedia.org/resource/Max_Steineke","Max Steineke"
"http://dbpedia.org/resource/Nancy_Cantor","Nancy Cantor"
"http://dbpedia.org/resource/Oswald_Garrison_Villard,_Jr.","Oswald Garrison Villard, Jr."
"http://dbpedia.org/resource/Otis_Chandler","Otis Chandler"
"http://dbpedia.org/resource/Peter_Sarnak","Peter Sarnak"
"http://dbpedia.org/resource/Timothy_Steele","Timothy Steele"
"http://dbpedia.org/resource/Urs_Hölzle","Urs Hölzle"
"http://dbpedia.org/resource/Bill_Halter","Bill Halter"
"http://dbpedia.org/resource/Edmund_Heller","Edmund Heller"
"http://dbpedia.org/resource/Harry_Frederick_Recher","Harry Frederick Recher"
"http://dbpedia.org/resource/Justina_Chen","Justina Chen"
"http://dbpedia.org/resource/Kathleen_Hays","Kathleen Hays"
"http://dbpedia.org/resource/Maria_Echaveste","Maria Echaveste"
"http://dbpedia.org/resource/Richard_D._Wolff","Richard D. Wolff"
"http://dbpedia.org/resource/William_Denman_Eberle","William Denman Eberle"
"http://dbpedia.org/resource/David_E._Bell","David E. Bell"
"http://dbpedia.org/resource/Dennis_P._Lockhart","Dennis P. Lockhart"
"http://dbpedia.org/resource/Erik_Sten","Erik Sten"
"http://dbpedia.org/resource/Herbert_Solomon","Herbert Solomon"
"http://dbpedia.org/resource/Ken_Howery","Ken Howery"
"http://dbpedia.org/resource/Russ_Altman","Russ Altman"
"http://dbpedia.org/resource/Siegfried_Linkwitz","Siegfried Linkwitz"
"http://dbpedia.org/resource/Stan_Kinsey","Stan Kinsey"
"http://dbpedia.org/resource/Jeremy_M._Berg","Jeremy M. Berg"
"http://dbpedia.org/resource/Peter_E._Hart","Peter E. Hart"
"http://dbpedia.org/resource/Ross_Miller","Ross Miller"
"http://dbpedia.org/resource/Tachi_Yamada","Tachi Yamada"
"http://dbpedia.org/resource/William_R._Simpson","William R. Simpson"
"http://dbpedia.org/resource/Anthony_L._Komaroff","Anthony L. Komaroff"
"http://dbpedia.org/resource/Ben_Rattray","Ben Rattray"
"http://dbpedia.org/resource/Carol_Espy-Wilson","Carol Espy-Wilson"
"http://dbpedia.org/resource/Duf_Sundheim","Duf Sundheim"
"http://dbpedia.org/resource/Myra_Keen","Myra Keen"
"http://dbpedia.org/resource/Steven_J._Davis","Steven J. Davis"
"http://dbpedia.org/resource/Craig_H._Barratt","Craig H. Barratt"
"http://dbpedia.org/resource/David_D._Pollard","David D. Pollard"
"http://dbpedia.org/resource/E._Lowell_Kelly","E. Lowell Kelly"
"http://dbpedia.org/resource/James_F._Price","James F. Price"
"http://dbpedia.org/resource/Louise_Pearce","Louise Pearce"
"http://dbpedia.org/resource/Paul_Segre","Paul Segre"
"http://dbpedia.org/resource/Razmig_Hovaghimian","Razmig Hovaghimian"
"http://dbpedia.org/resource/Mark_Rosekind","Mark Rosekind"
"http://dbpedia.org/resource/Mohsen_Moazami","Mohsen Moazami"
"http://dbpedia.org/resource/Robert_L._Phillips","Robert L. Phillips"
"http://dbpedia.org/resource/Janet_E._Mertz","Janet E. Mertz"
"http://dbpedia.org/resource/John_B._Thomas","John B. Thomas"
"http://dbpedia.org/resource/Pulkit_Jaiswal","Pulkit Jaiswal"
"http://dbpedia.org/resource/Ronald_H._Chilcote","Ronald H. Chilcote"
"http://dbpedia.org/resource/Stephanie_Hannon","Stephanie Hannon"
"http://dbpedia.org/resource/Vasco_M._Tanner","Vasco M. Tanner"
"http://dbpedia.org/resource/A._Blaine_Bowman","A. Blaine Bowman"
"http://dbpedia.org/resource/Alain_Rossmann","Alain Rossmann"
"http://dbpedia.org/resource/Bharat_Ratra","Bharat Ratra"
"http://dbpedia.org/resource/Brad_Freeman","Brad Freeman"
"http://dbpedia.org/resource/Joyce_P._Jacobsen","Joyce P. Jacobsen"
"http://dbpedia.org/resource/Kyle_Steenland","Kyle Steenland"
"http://dbpedia.org/resource/Verne_Orr","Verne Orr"
"http://dbpedia.org/resource/Alan_Cranston","Alan Cranston"
"http://dbpedia.org/resource/Arif_Zaman","Arif Zaman"
"http://dbpedia.org/resource/Capri_Cafaro","Capri Cafaro"
"http://dbpedia.org/resource/Charles_Stark_Draper","Charles Stark Draper"
"http://dbpedia.org/resource/E._Fuller_Torrey","E. Fuller Torrey"
"http://dbpedia.org/resource/James_Tour","James Tour"
"http://dbpedia.org/resource/John_Ehrlichman","John Ehrlichman"
"http://dbpedia.org/resource/Julius_Adler_(biochemist)","Julius Adler (biochemist)"
"http://dbpedia.org/resource/Laurene_Powell_Jobs","Laurene Powell Jobs"
"http://dbpedia.org/resource/Loren_Mosher","Loren Mosher"
"http://dbpedia.org/resource/Michael_Heath_(computer_scientist)","Michael Heath (computer scientist)"
"http://dbpedia.org/resource/Peter_Buffett","Peter Buffett"
"http://dbpedia.org/resource/Reid_Hoffman","Reid Hoffman"
"http://dbpedia.org/resource/Stephen_Breyer","Stephen Breyer"
"http://dbpedia.org/resource/Steve_Deering","Steve Deering"
"http://dbpedia.org/resource/Vaughan_Pratt","Vaughan Pratt"
"http://dbpedia.org/resource/Barney_Pell","Barney Pell"
"http://dbpedia.org/resource/Eugene_England","Eugene England"
"http://dbpedia.org/resource/Jared_Weinstein","Jared Weinstein"
"http://dbpedia.org/resource/John_Livermore","John Livermore"
"http://dbpedia.org/resource/Kamal_Al-Yahya","Kamal Al-Yahya"
"http://dbpedia.org/resource/Nicholas_B._Suntzeff","Nicholas B. Suntzeff"
"http://dbpedia.org/resource/David_M._Kelley","David M. Kelley"
"http://dbpedia.org/resource/Gunnar_Carlsson","Gunnar Carlsson"
"http://dbpedia.org/resource/Willard_Joseph_Chamberlin","Willard Joseph Chamberlin"
"http://dbpedia.org/resource/Alice_Wells","Alice Wells"
"http://dbpedia.org/resource/Bathsheba_Nell_Crocker","Bathsheba Nell Crocker"
"http://dbpedia.org/resource/Frank_Tipton","Frank Tipton"
"http://dbpedia.org/resource/Jacob_Savir","Jacob Savir"
"http://dbpedia.org/resource/Jade_Wang","Jade Wang"
"http://dbpedia.org/resource/John_F._Brady_(engineer/scientist)","John F. Brady (engineer/scientist)"
"http://dbpedia.org/resource/Lisa_Goodrich","Lisa Goodrich"
"http://dbpedia.org/resource/Philipp_Schloter","Philipp Schloter"
"http://dbpedia.org/resource/Robert_Zeidman","Robert Zeidman"
"http://dbpedia.org/resource/Rodney_C._Ewing","Rodney C. Ewing"
"http://dbpedia.org/resource/William_Egginton","William Egginton"
"http://dbpedia.org/resource/Andy_Fleischmann","Andy Fleischmann"
"http://dbpedia.org/resource/Brando_Skyhorse","Brando Skyhorse"
"http://dbpedia.org/resource/Charles_Czeisler","Charles Czeisler"
"http://dbpedia.org/resource/Devin_Beliveau","Devin Beliveau"
"http://dbpedia.org/resource/Eileen_Donahoe","Eileen Donahoe"
"http://dbpedia.org/resource/Elisabeth_Pate-Cornell","Elisabeth Pate-Cornell"
"http://dbpedia.org/resource/Gerardo_Rodriguez_Regordosa","Gerardo Rodriguez Regordosa"
"http://dbpedia.org/resource/Heather_Knight_(educator)","Heather Knight (educator)"
"http://dbpedia.org/resource/Jane_Kim","Jane Kim"
"http://dbpedia.org/resource/Joseph_P._Kennedy_III","Joseph P. Kennedy III"
"http://dbpedia.org/resource/Justin_Rhodes","Justin Rhodes"
"http://dbpedia.org/resource/Mayoralty_of_Dianne_Feinstein","Mayoralty of Dianne Feinstein"
"http://dbpedia.org/resource/Robert_W._Naylor","Robert W. Naylor"
"http://dbpedia.org/resource/Tarn_Adams","Tarn Adams"
"http://dbpedia.org/resource/Tom_M._Mitchell","Tom M. Mitchell"
"http://dbpedia.org/resource/Claude_Brinegar","Claude Brinegar"
"http://dbpedia.org/resource/Harry_Glicken","Harry Glicken"
"http://dbpedia.org/resource/Ho_Ching","Ho Ching"
"http://dbpedia.org/resource/Ira_Ruskin","Ira Ruskin"
"http://dbpedia.org/resource/Willis_Harman","Willis Harman"
"http://dbpedia.org/resource/John_Manzoni","John Manzoni"
"http://dbpedia.org/resource/John_W._Pratt","John W. Pratt"
"http://dbpedia.org/resource/Claire_Kremen","Claire Kremen"
"http://dbpedia.org/resource/D._James_Baker","D. James Baker"
"http://dbpedia.org/resource/Geoff_Ralston","Geoff Ralston"
"http://dbpedia.org/resource/Glen_Moreno","Glen Moreno"
"http://dbpedia.org/resource/Harry_M._Rubin","Harry M. Rubin"
"http://dbpedia.org/resource/Ho_Kwon_Ping","Ho Kwon Ping"
"http://dbpedia.org/resource/Luis_Raymund_Villafuerte","Luis Raymund Villafuerte"
"http://dbpedia.org/resource/Ted_Wheeler","Ted Wheeler"
"http://dbpedia.org/resource/Michael_C._Lovell","Michael C. Lovell"
"http://dbpedia.org/resource/Jeff_Merkley","Jeff Merkley"
"http://dbpedia.org/resource/Michael_V._Drake","Michael V. Drake"
"http://dbpedia.org/resource/Patrick_M._Byrne","Patrick M. Byrne"
"http://dbpedia.org/resource/Sally_Lieber","Sally Lieber"
"http://dbpedia.org/resource/Tom_Adelson","Tom Adelson"
"http://dbpedia.org/resource/Alec_Mazo","Alec Mazo"
"http://dbpedia.org/resource/Brian_Krolicki","Brian Krolicki"
"http://dbpedia.org/resource/Curren_Price","Curren Price"
"http://dbpedia.org/resource/Cynthia_Thielen","Cynthia Thielen"
"http://dbpedia.org/resource/F._James_Rutherford","F. James Rutherford"
"http://dbpedia.org/resource/Lee_Mendelson","Lee Mendelson"
"http://dbpedia.org/resource/Pat_Morris_(politician)","Pat Morris (politician)"
"http://dbpedia.org/resource/Paul_L._Modrich","Paul L. Modrich"
"http://dbpedia.org/resource/Paulette_Frankl","Paulette Frankl"
"http://dbpedia.org/resource/Peter_Salovey","Peter Salovey"
"http://dbpedia.org/resource/Daniel_Pearl","Daniel Pearl"
"http://dbpedia.org/resource/Krishna_Saraswat","Krishna Saraswat"
"http://dbpedia.org/resource/Oliver_E._Williamson","Oliver E. Williamson"
"http://dbpedia.org/resource/Peter_Senge","Peter Senge"
"http://dbpedia.org/resource/Riley_P._Bechtel","Riley P. Bechtel"
"http://dbpedia.org/resource/Sabeer_Bhatia","Sabeer Bhatia"
"http://dbpedia.org/resource/Albert_William_Herre","Albert William Herre"
"http://dbpedia.org/resource/Bruce_Nelson_(businessman)","Bruce Nelson (businessman)"
"http://dbpedia.org/resource/Charles_Simonyi","Charles Simonyi"
"http://dbpedia.org/resource/Claudia_Ann_Wilken","Claudia Ann Wilken"
"http://dbpedia.org/resource/Guillermo_Ortiz_Martínez","Guillermo Ortiz Martínez"
"http://dbpedia.org/resource/Harry_Harlow","Harry Harlow"
"http://dbpedia.org/resource/Jan_D._Achenbach","Jan D. Achenbach"
"http://dbpedia.org/resource/Jane_Luu","Jane Luu"
"http://dbpedia.org/resource/Katharine_Jefferts_Schori","Katharine Jefferts Schori"
"http://dbpedia.org/resource/Lawrence_Paulson","Lawrence Paulson"
"http://dbpedia.org/resource/Nicholas_Spaeth","Nicholas Spaeth"
"http://dbpedia.org/resource/Pietro_Balestra_(economist)","Pietro Balestra (economist)"
"http://dbpedia.org/resource/Richard_C._Breeden","Richard C. Breeden"
"http://dbpedia.org/resource/Robert_Drost","Robert Drost"
"http://dbpedia.org/resource/Ron_Pelosi","Ron Pelosi"
"http://dbpedia.org/resource/Stephen_Cohen_(entrepreneur)","Stephen Cohen (entrepreneur)"
"http://dbpedia.org/resource/Tantek_Çelik","Tantek Çelik"
"http://dbpedia.org/resource/Victor_Jih","Victor Jih"
"http://dbpedia.org/resource/Anne_Gust","Anne Gust"
"http://dbpedia.org/resource/Bradley_Efron","Bradley Efron"
"http://dbpedia.org/resource/Charlotte_Elliott_(botanist)","Charlotte Elliott (botanist)"
"http://dbpedia.org/resource/Elaine_Pagels","Elaine Pagels"
"http://dbpedia.org/resource/Elliot_Aronson","Elliot Aronson"
"http://dbpedia.org/resource/G._David_Low","G. David Low"
"http://dbpedia.org/resource/Heinz_Pagels","Heinz Pagels"
"http://dbpedia.org/resource/Jonathan_Eisen","Jonathan Eisen"
"http://dbpedia.org/resource/Kirill_Dmitriev","Kirill Dmitriev"
"http://dbpedia.org/resource/Mark_Gertler_(economist)","Mark Gertler (economist)"
"http://dbpedia.org/resource/Matt_Flannery","Matt Flannery"
"http://dbpedia.org/resource/Richard_Schoen","Richard Schoen"
"http://dbpedia.org/resource/Roderick_M._Hills","Roderick M. Hills"
"http://dbpedia.org/resource/Romulo_Neri","Romulo Neri"
"http://dbpedia.org/resource/George_Kuznets","George Kuznets"
"http://dbpedia.org/resource/Grace_Wahba","Grace Wahba"
"http://dbpedia.org/resource/Naomi_Mezey","Naomi Mezey"
"http://dbpedia.org/resource/George_Herbert_Girty","George Herbert Girty"
"http://dbpedia.org/resource/Hiroaki_Nakanishi","Hiroaki Nakanishi"
"http://dbpedia.org/resource/Kevin_Karplus","Kevin Karplus"
"http://dbpedia.org/resource/Laila_Macharia","Laila Macharia"
"http://dbpedia.org/resource/Marc_Mezvinsky","Marc Mezvinsky"
"http://dbpedia.org/resource/Ram_Samudrala","Ram Samudrala"
"http://dbpedia.org/resource/Stanton_Glantz","Stanton Glantz"
"http://dbpedia.org/resource/Andrea_Prat","Andrea Prat"
"http://dbpedia.org/resource/Ernest_McFarland","Ernest McFarland"
"http://dbpedia.org/resource/Jan_Kmenta","Jan Kmenta"
"http://dbpedia.org/resource/Leonard_Bosack","Leonard Bosack"
"http://dbpedia.org/resource/Richard_E._Taylor","Richard E. Taylor"
"http://dbpedia.org/resource/Sandy_Lerner","Sandy Lerner"
"http://dbpedia.org/resource/Yaacob_Ibrahim","Yaacob Ibrahim"
"http://dbpedia.org/resource/Edwin_Copeland","Edwin Copeland"
"http://dbpedia.org/resource/Hugh_Fletcher","Hugh Fletcher"
"http://dbpedia.org/resource/James_F._Moore","James F. Moore"
"http://dbpedia.org/resource/Jen-Hsun_Huang","Jen-Hsun Huang"
"http://dbpedia.org/resource/John_S._Herrington","John S. Herrington"
"http://dbpedia.org/resource/Joseph_Nation","Joseph Nation"
"http://dbpedia.org/resource/Lee_Hsien_Yang","Lee Hsien Yang"
"http://dbpedia.org/resource/Olivia_Judson","Olivia Judson"
"http://dbpedia.org/resource/Wesley_Huntress","Wesley Huntress"
"http://dbpedia.org/resource/William_P._Leahy","William P. Leahy"
"http://dbpedia.org/resource/Bing_Gordon","Bing Gordon"
"http://dbpedia.org/resource/Bob_Sproull","Bob Sproull"
"http://dbpedia.org/resource/Bradford_Parkinson","Bradford Parkinson"
"http://dbpedia.org/resource/Calvin_Quate","Calvin Quate"
"http://dbpedia.org/resource/Charles_Alden_Black","Charles Alden Black"
"http://dbpedia.org/resource/Consuelo_María_Callahan","Consuelo María Callahan"
"http://dbpedia.org/resource/David_E._Shaw","David E. Shaw"
"http://dbpedia.org/resource/Florence_Augusta_Merriam_Bailey","Florence Augusta Merriam Bailey"
"http://dbpedia.org/resource/Gail_Schoettler","Gail Schoettler"
"http://dbpedia.org/resource/Hong_Seok-hyun","Hong Seok-hyun"
"http://dbpedia.org/resource/Jim_Horning","Jim Horning"
"http://dbpedia.org/resource/Lloyd_Humphreys","Lloyd Humphreys"
"http://dbpedia.org/resource/Michael_Stemmle","Michael Stemmle"
"http://dbpedia.org/resource/Norman_Chandler","Norman Chandler"
"http://dbpedia.org/resource/Carolyn_Talcott","Carolyn Talcott"
"http://dbpedia.org/resource/Margaret_H._Wright","Margaret H. Wright"
"http://dbpedia.org/resource/Marissa_Mayer","Marissa Mayer"
"http://dbpedia.org/resource/David_Boggs","David Boggs"
"http://dbpedia.org/resource/Isabel_Morgan","Isabel Morgan"
"http://dbpedia.org/resource/James_Z._Wang","James Z. Wang"
"http://dbpedia.org/resource/Lisa_Graham_Keegan","Lisa Graham Keegan"
"http://dbpedia.org/resource/Martin_Weitzman","Martin Weitzman"
"http://dbpedia.org/resource/Scott_Plous","Scott Plous"
"http://dbpedia.org/resource/Steven_G._Bradbury","Steven G. Bradbury"
"http://dbpedia.org/resource/Alison_Davis-Blake","Alison Davis-Blake"
"http://dbpedia.org/resource/Bryce_Crawford","Bryce Crawford"
"http://dbpedia.org/resource/David_Eisner","David Eisner"
"http://dbpedia.org/resource/John_Morgridge","John Morgridge"
"http://dbpedia.org/resource/Political_positions_of_Dianne_Feinstein","Political positions of Dianne Feinstein"
"http://dbpedia.org/resource/Xavier_Briggs","Xavier Briggs"
"http://dbpedia.org/resource/Barry_B._Hughes","Barry B. Hughes"
"http://dbpedia.org/resource/Emmanuel_Candès","Emmanuel Candès"
"http://dbpedia.org/resource/Maneesh_Agrawala","Maneesh Agrawala"
"http://dbpedia.org/resource/Morris_Chang","Morris Chang"
"http://dbpedia.org/resource/Nathan_Wolfe","Nathan Wolfe"
"http://dbpedia.org/resource/Brian_Halweil","Brian Halweil"
"http://dbpedia.org/resource/Anand_Chandrasekaran","Anand Chandrasekaran"
"http://dbpedia.org/resource/Ben_Taskar","Ben Taskar"
"http://dbpedia.org/resource/Cary_Douglas_Pugh","Cary Douglas Pugh"
"http://dbpedia.org/resource/Catherine_Clarke_Fenselau","Catherine Clarke Fenselau"
"http://dbpedia.org/resource/Cecilia_Conrad","Cecilia Conrad"
"http://dbpedia.org/resource/David_Canfield_Smith","David Canfield Smith"
"http://dbpedia.org/resource/Hardin_Coleman","Hardin Coleman"
"http://dbpedia.org/resource/Joseph_B._Klemp","Joseph B. Klemp"
"http://dbpedia.org/resource/Lawrence_Rauchwerger","Lawrence Rauchwerger"
"http://dbpedia.org/resource/Raja_Wanasundera","Raja Wanasundera"
"http://dbpedia.org/resource/Robert_A._Johnson_(psychotherapist)","Robert A. Johnson (psychotherapist)"
"http://dbpedia.org/resource/Robert_F._Tinker","Robert F. Tinker"
"http://dbpedia.org/resource/Sandra_Lim","Sandra Lim"
"http://dbpedia.org/resource/Teri_W._Odom","Teri W. Odom"
"http://dbpedia.org/resource/Norman_Abramson","Norman Abramson"
"http://dbpedia.org/resource/Parviz_Moin","Parviz Moin"
"http://dbpedia.org/resource/Siddhartha_Mukherjee","Siddhartha Mukherjee"
"http://dbpedia.org/resource/Diane_Mott_Davidson","Diane Mott Davidson"
"http://dbpedia.org/resource/Arthur_Laffer","Arthur Laffer"
"http://dbpedia.org/resource/Eric_Allin_Cornell","Eric Allin Cornell"
"http://dbpedia.org/resource/Harold_M._Ickes","Harold M. Ickes"
"http://dbpedia.org/resource/Helen_Quinn","Helen Quinn"
"http://dbpedia.org/resource/Jim_Kolbe","Jim Kolbe"
"http://dbpedia.org/resource/Kenneth_C._Laudon","Kenneth C. Laudon"
"http://dbpedia.org/resource/Laurence_Golborne","Laurence Golborne"
"http://dbpedia.org/resource/Aaron_Swartz","Aaron Swartz"
"http://dbpedia.org/resource/Marta_Acosta","Marta Acosta"
"http://dbpedia.org/resource/Martha_Collins_(poet)","Martha Collins (poet)"
"http://dbpedia.org/resource/Mary_Barra","Mary Barra"
"http://dbpedia.org/resource/Atul_Gawande","Atul Gawande"
"http://dbpedia.org/resource/Daniel_Levitin","Daniel Levitin"
"http://dbpedia.org/resource/Robert_L._Joss","Robert L. Joss"
"http://dbpedia.org/resource/Robert_Reid_(author)","Robert Reid (author)"
"http://dbpedia.org/resource/Jeffrey_Vitter","Jeffrey Vitter"
"http://dbpedia.org/resource/Robert_W._Farquhar","Robert W. Farquhar"
"http://dbpedia.org/resource/Joaquín_Castro","Joaquín Castro"
"http://dbpedia.org/resource/John_S._Bull","John S. Bull"
"http://dbpedia.org/resource/Joseph_E._Schmitz","Joseph E. Schmitz"
"http://dbpedia.org/resource/Julian_Castro","Julian Castro"
"http://dbpedia.org/resource/Larry_LaRocco","Larry LaRocco"
"http://dbpedia.org/resource/Philip_Wadler","Philip Wadler"
"http://dbpedia.org/resource/Richard_P._Gabriel","Richard P. Gabriel"
"http://dbpedia.org/resource/Robert_J._Bach","Robert J. Bach"
"http://dbpedia.org/resource/Robert_S._Smith","Robert S. Smith"
"http://dbpedia.org/resource/Sam_Harris","Sam Harris"
"http://dbpedia.org/resource/Stephen_Kosslyn","Stephen Kosslyn"
"http://dbpedia.org/resource/William_Kennard","William Kennard"
"http://dbpedia.org/resource/Yukio_Hatoyama","Yukio Hatoyama"
"http://dbpedia.org/resource/Brian_Shiozawa","Brian Shiozawa"
"http://dbpedia.org/resource/Elizabeth_Holmes","Elizabeth Holmes"
"http://dbpedia.org/resource/Francine_Coeytaux","Francine Coeytaux"
"http://dbpedia.org/resource/Hanan_Samet","Hanan Samet"
"http://dbpedia.org/resource/Horace_Heidt,_Jr.","Horace Heidt, Jr."
"http://dbpedia.org/resource/Alissa_Keny-Guyer","Alissa Keny-Guyer"
"http://dbpedia.org/resource/Colleen_V._Chien","Colleen V. Chien"
"http://dbpedia.org/resource/Feng_Zhang","Feng Zhang"
"http://dbpedia.org/resource/Jeremy_England","Jeremy England"
"http://dbpedia.org/resource/Jonah_Berger","Jonah Berger"
"http://dbpedia.org/resource/Leigh_Newman","Leigh Newman"
"http://dbpedia.org/resource/Peter_Economy","Peter Economy"
"http://dbpedia.org/resource/Peter_Wirth_(politician)","Peter Wirth (politician)"
"http://dbpedia.org/resource/Petras_Auštrevičius","Petras Auštrevičius"
"http://dbpedia.org/resource/Ron_Knecht","Ron Knecht"
"http://dbpedia.org/resource/Scott_Fox_(author)","Scott Fox (author)"
"http://dbpedia.org/resource/John_McWhorter","John McWhorter"
"http://dbpedia.org/resource/Sandra_Segal_Ikuta","Sandra Segal Ikuta"
"http://dbpedia.org/resource/Stephen_LaBerge","Stephen LaBerge"
"http://dbpedia.org/resource/Tom_Galligan_(college_president)","Tom Galligan (college president)"
"http://dbpedia.org/resource/Earl_Anthony_Wayne","Earl Anthony Wayne"
"http://dbpedia.org/resource/Fuad_El-Hibri","Fuad El-Hibri"
"http://dbpedia.org/resource/Edith_Head","Edith Head"
"http://dbpedia.org/resource/John_Harsanyi","John Harsanyi"
"http://dbpedia.org/resource/Steve_Westly","Steve Westly"
"http://dbpedia.org/resource/Lim_Swee_Say","Lim Swee Say"
"http://dbpedia.org/resource/Michael_Wolf_(statistician)","Michael Wolf (statistician)"
"http://dbpedia.org/resource/Peter_Fenton_(venture_capitalist)","Peter Fenton (venture capitalist)"
"http://dbpedia.org/resource/Tony_Tamer","Tony Tamer"
"http://dbpedia.org/resource/Yukiko_Yamashita","Yukiko Yamashita"
"http://dbpedia.org/resource/John_V._Evans","John V. Evans"
"http://dbpedia.org/resource/Matt_Gonzalez","Matt Gonzalez"
"http://dbpedia.org/resource/Victor_Li_Tzar-kuoi","Victor Li Tzar-kuoi"
"http://dbpedia.org/resource/Dorothy_Buffum_Chandler","Dorothy Buffum Chandler"
"http://dbpedia.org/resource/W._W._Hansen","W. W. Hansen"
"http://dbpedia.org/resource/Lee_Metcalf","Lee Metcalf"
"http://dbpedia.org/resource/David_G._Lowe","David G. Lowe"
"http://dbpedia.org/resource/David_Luenberger","David Luenberger"
"http://dbpedia.org/resource/Scott_Forstall","Scott Forstall"
"http://dbpedia.org/resource/Babak_Hassibi","Babak Hassibi"
"http://dbpedia.org/resource/Dale_Fuller","Dale Fuller"
"http://dbpedia.org/resource/John_C._Bravman","John C. Bravman"
"http://dbpedia.org/resource/John_Marburger","John Marburger"
"http://dbpedia.org/resource/Juan_Felipe_Herrera","Juan Felipe Herrera"
"http://dbpedia.org/resource/Nick_Herbert_(physicist)","Nick Herbert (physicist)"
"http://dbpedia.org/resource/Otto_J._M._Smith","Otto J. M. Smith"
"http://dbpedia.org/resource/Robert_J._Fisher","Robert J. Fisher"
"http://dbpedia.org/resource/Scott_Matheson_Jr.","Scott Matheson Jr."
"http://dbpedia.org/resource/Vikram_Chandra_(journalist)","Vikram Chandra (journalist)"
"http://dbpedia.org/resource/Vincent_Courtillot","Vincent Courtillot"
"http://dbpedia.org/resource/Adriano_Garsia","Adriano Garsia"
"http://dbpedia.org/resource/David_Brumley","David Brumley"
"http://dbpedia.org/resource/Edouard_Bugnion","Edouard Bugnion"
"http://dbpedia.org/resource/Irma_Elsa_Gonzalez","Irma Elsa Gonzalez"
"http://dbpedia.org/resource/Ivo_Žďárek","Ivo Žďárek"
"http://dbpedia.org/resource/Meg_Gardiner","Meg Gardiner"
"http://dbpedia.org/resource/Thomas_Stelzer","Thomas Stelzer"
"http://dbpedia.org/resource/Troy_Eid","Troy Eid"
"http://dbpedia.org/resource/Geoffrey_Loftus","Geoffrey Loftus"
"http://dbpedia.org/resource/James_Paul_Gee","James Paul Gee"
"http://dbpedia.org/resource/James_V._Selna","James V. Selna"
"http://dbpedia.org/resource/John_A._Mendez","John A. Mendez"
"http://dbpedia.org/resource/Joseph_W._Goodman","Joseph W. Goodman"
"http://dbpedia.org/resource/Laurie_Smith_Camp","Laurie Smith Camp"
"http://dbpedia.org/resource/Mary_Lou_Zoback","Mary Lou Zoback"
"http://dbpedia.org/resource/Phyllis_J._Hamilton","Phyllis J. Hamilton"
"http://dbpedia.org/resource/Piotr_Indyk","Piotr Indyk"
"http://dbpedia.org/resource/Richard_G._Stearns","Richard G. Stearns"
"http://dbpedia.org/resource/Ted_Lempert","Ted Lempert"
"http://dbpedia.org/resource/Tony_F._Chan","Tony F. Chan"
"http://dbpedia.org/resource/Wayne_Edward_Alley","Wayne Edward Alley"
"http://dbpedia.org/resource/Elmer_Ivan_Applegate","Elmer Ivan Applegate"
"http://dbpedia.org/resource/Dileep_George","Dileep George"
"http://dbpedia.org/resource/Hans_G._Klemm","Hans G. Klemm"
"http://dbpedia.org/resource/Alfred_Lin","Alfred Lin"
"http://dbpedia.org/resource/Benjamin_M._Rosen","Benjamin M. Rosen"
"http://dbpedia.org/resource/Bonnie_E._John","Bonnie E. John"
"http://dbpedia.org/resource/Carl_Bergstrom","Carl Bergstrom"
"http://dbpedia.org/resource/Charles_Kolstad","Charles Kolstad"
"http://dbpedia.org/resource/Jeremy_Nathans","Jeremy Nathans"
"http://dbpedia.org/resource/Mike_Ming","Mike Ming"
"http://dbpedia.org/resource/Philip_N._Diehl","Philip N. Diehl"
"http://dbpedia.org/resource/Ramit_Sethi","Ramit Sethi"
"http://dbpedia.org/resource/Robert_Moser","Robert Moser"
"http://dbpedia.org/resource/Ronald_Machen","Ronald Machen"
"http://dbpedia.org/resource/Samuel_L._Kountz","Samuel L. Kountz"
"http://dbpedia.org/resource/Allison_H._Eid","Allison H. Eid"
"http://dbpedia.org/resource/Benjamin_F._Hake","Benjamin F. Hake"
"http://dbpedia.org/resource/Brian_Witlin","Brian Witlin"
"http://dbpedia.org/resource/Cathy_Cochran","Cathy Cochran"
"http://dbpedia.org/resource/Chen_Show_Mao","Chen Show Mao"
"http://dbpedia.org/resource/David_Karger","David Karger"
"http://dbpedia.org/resource/James_B._Orlin","James B. Orlin"
"http://dbpedia.org/resource/Lukas_Biewald","Lukas Biewald"
"http://dbpedia.org/resource/Olga_Troyanskaya","Olga Troyanskaya"
"http://dbpedia.org/resource/Reuben_Lasker","Reuben Lasker"
"http://dbpedia.org/resource/Robert_Tibshirani","Robert Tibshirani"
"http://dbpedia.org/resource/Sherrie_Gong_Taguchi","Sherrie Gong Taguchi"
"http://dbpedia.org/resource/Walter_L._Carpeneti","Walter L. Carpeneti"
"http://dbpedia.org/resource/Lee_Yung-te","Lee Yung-te"
"http://dbpedia.org/resource/Ty_McCormick","Ty McCormick"
"http://dbpedia.org/resource/Alain_Reza_Yavari","Alain Reza Yavari"
"http://dbpedia.org/resource/Arthur_White_Greeley","Arthur White Greeley"
"http://dbpedia.org/resource/David_Salesin","David Salesin"
"http://dbpedia.org/resource/Edward_R._Cony","Edward R. Cony"
"http://dbpedia.org/resource/Hasok_Chang","Hasok Chang"
"http://dbpedia.org/resource/Jeongdo_Hong","Jeongdo Hong"
"http://dbpedia.org/resource/Laura_Engelstein","Laura Engelstein"
"http://dbpedia.org/resource/Mercy_Malick","Mercy Malick"
"http://dbpedia.org/resource/Michihiro_Kandori","Michihiro Kandori"
"http://dbpedia.org/resource/Pamela_Hamamoto","Pamela Hamamoto"
"http://dbpedia.org/resource/Yuliy_Sannikov","Yuliy Sannikov"
"http://dbpedia.org/resource/Aaron_Benavot","Aaron Benavot"
"http://dbpedia.org/resource/Angelique_EagleWoman","Angelique EagleWoman"
"http://dbpedia.org/resource/Carlos_Dominguez_III","Carlos Dominguez III"
"http://dbpedia.org/resource/Gerard_Magliocca","Gerard Magliocca"
"http://dbpedia.org/resource/Ian_Goodfellow","Ian Goodfellow"
"http://dbpedia.org/resource/Jeremy_Hearder","Jeremy Hearder"
"http://dbpedia.org/resource/John_P._Rusk","John P. Rusk"
"http://dbpedia.org/resource/Kenneth_L_Shepard","Kenneth L Shepard"
"http://dbpedia.org/resource/Kyle_Bagwell","Kyle Bagwell"
"http://dbpedia.org/resource/Laurence_H._Kedes","Laurence H. Kedes"
"http://dbpedia.org/resource/Monis_Rahman","Monis Rahman"
"http://dbpedia.org/resource/Oh_Joon","Oh Joon"
"http://dbpedia.org/resource/Randi_J._Hagerman","Randi J. Hagerman"
"http://dbpedia.org/resource/Sunil_K._Agrawal","Sunil K. Agrawal"
"http://dbpedia.org/resource/Syed_Murad_Ali_Shah","Syed Murad Ali Shah"
"http://dbpedia.org/resource/Vinith_Misra","Vinith Misra"
"http://dbpedia.org/resource/Naomi_Hirahara","Naomi Hirahara"
"http://dbpedia.org/resource/Ronald_Nigh","Ronald Nigh"
"http://dbpedia.org/resource/Alan_Huckleberry","Alan Huckleberry"
"http://dbpedia.org/resource/Junaid_Ahmad","Junaid Ahmad"
